# Font	Codepoint	Character	Name	SVG file	ID	Scale	X offset	Y offset	Zoom	Flags
devicons	U+E653	Óôì	Angular		angular	1	0	0.1875	1	
devicons	U+E6AB	Óö´	Appcelerator		appcelerator	1	0	0.1875	1	
devicons	U+E613	Óòì	App Store		appstore	1	0	0.1875	1	
devicons	U+E67F	Óôø	DotNet / .NET		asp	1	0	0.1875	1	
devicons	U+E664	Óô§	Atom		atom	1	0	0.1875	1	T
devicons	U+E652	Óôí	Backbone		backbone	1	0	0.1875	1	
devicons	U+E603	ÓòÉ	Bitbucket		bitbucket	1	0	0.1875	1	
devicons	U+E647	Óôá	Bootstrap		bootstrap	0.9375	0	0.125	1	
devicons	U+E64D	Óôç	Bower		bower	1	0	0.1875	1	S
devicons	U+E643	ÓôÉ	Chrome		chrome	1	0	0.1875	1	
devicons	U+E668	Óô®	Clojure		clojure	1	0	0.1875	1	T
devicons	U+E661	Óô°	Compass		compass	0.875	0	0.125	1	
devicons	U+E698	Óöò	Dart		dart	0.9375	0	0.125	1	
devicons	U+E6AF	ÓöØ	D		dlang	1	0	0.1875	1	
devicons	U+E61C	Óòú	Dojo		dojo	1	0	0.25	1.2	T
devicons	U+E607	Óòá	Dropbox		dropbox	1	0	0.1875	1	
devicons	U+E69E	Óöû	Eclipse		eclipse	1	0	0.1875	1	
devicons	U+E6B1	Óö±	Erlang		erlang	1	0	0.1875	1	
devicons	U+E68E	Óöé	Ext JS		extjs	1	0	0.1875	1	
devicons	U+E645	ÓôÖ	Firefox		firefox	1	0	0.1875	1	
devicons	U+E6A7	Óöß	FSharp		fsharp	1	0.0625	0.125	1	
devicons	U+E602	ÓòÇ	Git		git	0.9375	0	0.125	1	
devicons	U+E67B	Óôª	Heroku		heroku	1	0	0.1875	1	
devicons	U+E60D	Óòç	Jekyll		jekyll	1	0	0.1875	1	S
devicons	U+E650	Óôê	jQuery		jquery	0.9375	0	0.125	1	
devicons	U+E654	Óôî	jQuery UI		jqueryui	0.9375	0	0.125	1	
devicons	U+E63F	Óòø	Laravel, Old		laravel-old	1	0	0.1875	1	T
devicons	U+E6B6	Óö∂	Materialize		materialize	1	0	0.1875	1.2	T
devicons	U+E620	Óò†	Modernizr		modernizr	1	0	0.1875	1	
devicons	U+E68F	Óöè	MooTools		mootools	1	0	0.1875	1	S
devicons	U+E618	Óòò	Node		node	1	0	0.1875	1	
devicons	U+E669	Óô©	Perl		perl	0.9375	0	0.125	1	
devicons	U+E6A1	Óö°	Prolog		prolog	1	0	0.1875	1	
devicons	U+E63B	Óòª	Rails		rails	1	0	0.1875	1	
devicons	U+E65F	Óôü	Raphael		raphael	0.9375	0	0.1875	1	
devicons	U+E670	Óô∞	RequireJS		requirejs	1	0	0.1875	1	
devicons	U+E6A8	Óö®	Rust		rust	1	0	0.1875	1	
devicons	U+E648	Óôà	Safari		safari	1	0	0.1875	1	
devicons	U+E64B	Óôã	Sass / SCSS		sass	1	0	0.1875	1	
devicons	U+E68C	Óöå	Sencha Touch		sencha	1	0	0.1875	1	
devicons	U+E65E	Óôû	Snap.svg		snapsvg	1	0	0.1875	1	
devicons	U+E655	Óôï	Swift		swift	1	0.0625	0.1875	1	
devicons	U+E67E	Óôæ	Travis		travis	0.9375	0	0.125	1	
devicons	U+E672	Óô≤	TYPO3		typo3	1	0	0.1875	1	
devicons	U+E673	Óô≥	UI Kit		uikit	0.9375	0	0.125	1	
devicons	U+E621	Óò°	Unity 3D		unity3d	1	0	0.1875	1	
devicons	U+E6C5	ÓõÖ	Vim		vim	1	0	0.1875	1	
devicons	U+E60C	Óòå	Visual Studio		vs	0.875	0	0.125	1	
devicons	U+E60F	Óòè	Windows		windows	0.875	0	0.125	1	
devicons	U+E67A	Óô∫	Yeoman		yeoman	1	0	0.1875	1	
mf	U+F102	ÔÑÇ	Apache		apache	0.9375	0	0.1875	1	
mf	U+0041	A	Arch Linux		archlinux	0.9375	0	0.0625	1	
mf	U+F106	ÔÑÜ	C		c	0.8125	0	0.0625	1	
mf	U+F10B	ÔÑã	C++		cpp	0.875	0	0.0625	1	
mf	U+F10C	ÔÑå	C#		csharp	0.875	0	0.0625	1	
mf	U+F111	ÔÑë	Debian		debian	0.875	0	0.0625	1	
mf	U+F113	ÔÑì	Elixir		elixir	0.875	0	0.0625	1	
mf	U+F119	ÔÑô	GNOME		gnome	0.875	0	0.0625	1	
mf	U+F121	ÔÑ°	Haskell		haskell	1	0	0.125	1	
mf	U+F126	ÔÑ¶	Java		java	1	0	0.125	1	
mf	U+F129	ÔÑ©	JavaScript		js	0.875	0	0.0625	1	
mf	U+F136	ÔÑ∂	mSQL		msql	0.9375	0	0.125	1	S
mf	U+F13E	ÔÑæ	Objective-C		objc	1	0	0.125	1	
mf	U+F141	ÔÖÅ	Mac OS/X		osx	0.875	0	0.0625	1	
mf	U+F14A	ÔÖä	PL/pgSQL		pgsql	1	0	0.125	1	
mf	U+F14C	ÔÖå	Python		python	0.875	0	0.0625	1	
mf	U+F14E	ÔÖé	Red Hat		red-hat	0.875	0	0.125	1	
mf	U+F154	ÔÖî	Scala		scala	0.875	0	0.0625	1	
mf	U+F10E	ÔÑé	SQL		sql	0.875	0	0.0625	1	
mf	U+F15C	ÔÖú	SVG		svg	0.875	0	0.0625	1	
mf	U+F16E	ÔÖÆ	X11		x11	0.8125	0	0.0625	1	
octicons	U+F094	ÔÇî	Binary		binary	1	0	0.0625	1	
octicons	U+F007	ÔÄá	Book		book	1	0	0.0625	1	
octicons	U+F05F	ÔÅü	Code		code	1	0	0.0625	1	
octicons	U+F096	ÔÇñ	Database		database	1	0	0.0625	1	
octicons	U+F02F	ÔÄØ	Gear		gear	1	0	0.0625	1	
octicons	U+F01F	ÔÄü	Git, commit		git-commit	1	0	0.0625	1	
octicons	U+F023	ÔÄ£	Git, merge		git-merge	1	0	0.0625	1	
octicons	U+F00A	ÔÄä	GitHub		github	1	0	0.0625	1	
octicons	U+F043	ÔÅÉ	Graph		graph	1	0	0.0625	1	
octicons	U+F012	ÔÄí	Image		image	1	0	0.0625	1	
octicons	U+F049	ÔÅâ	Key		key	1	0	0.0625	1	
octicons	U+F0B0	ÔÇ∞	Link		link	1	0	0.0625	1	
octicons	U+F0C9	ÔÉâ	Markdown		markdown	1	0	0.0625	1	
octicons	U+F0C4	ÔÉÑ	Package		package	1	0	0.0625	1	
octicons	U+F047	ÔÅá	Ruby		ruby	1	0	0.0625	1	
octicons	U+F08C	ÔÇå	Secret		secret	1	0	0.0625	1	
octicons	U+F011	ÔÄë	Text		text	1	0	0.0625	1	
octicons	U+F013	ÔÄì	Zip		zip	1	0	0.0625	1	
octicons	U+F076	ÔÅ∂	Checklist		checklist	1.0625	0.0625	0	1	
octicons	U+F0B2	ÔÇ≤	Squirrel		squirrel	0.9375	0	0.0625	1	
fa	U+F13D	ÔÑΩ	Anchor		anchor	1	0	0.0625	1	
fa	U+F17B	ÔÖª	Android		android	1	0	0.0625	1	
fa	U+F1FA	Ôá∫	At Sign		at	0.9375	0	0.0625	1	
fa	U+F028	ÔÄ®	Audio		audio	0.9375	0	0.0625	1	
fa	U+F1DA	Ôáö	Backup		backup	0.8125	0	0.0625	1	
fa	U+F15A	ÔÖö	Bitcoin		bitcoin	1	0	0.0625	1	
fa	U+F02D	ÔÄ≠	Book, Alt		book-alt	1	0	0.125	1	
fa	U+F0A1	ÔÇ°	Bullhorn		bullhorn	1	0	0.125	1	
fa	U+F1EC	Ôá¨	Calculator		calc	0.875	0	0	1	
fa	U+F0F4	ÔÉ¥	Coffee		coffee	0.875	0	0.0625	1	
fa	U+F13C	ÔÑº	CSS 3		css3	0.8125	0	0	1	
fa	U+F111	ÔÑë	Circle		circle	1	0	0.0625	1	
fa	U+F019	ÔÄô	Download		download	1	0	0.125	1	
fa	U+F0AC	ÔÇ¨	Earth		earth	0.9375	0	0	1	
fa	U+F0B0	ÔÇ∞	Filter		filter	1	0	0	1	
fa	U+F085	ÔÇÖ	Gears		gears	0.9375	0	0	1	
fa	U+F13B	ÔÑª	HTML5		html5	0.9375	0	0.0625	1	
fa	U+F023	ÔÄ£	Lock		lock	1.0625	0	0.125	1	
fa	U+F10B	ÔÑã	Mobile		mobile	1.25	0	0.125	1	
fa	U+F186	ÔÜÜ	Moon		moon	1	0	0.0625	1	
fa	U+F001	ÔÄÅ	Musical Note		music	0.9375	0	0	1	
fa	U+F02F	ÔÄØ	Printer		print	0.9375	0	0.125	1	
fa	U+F059	ÔÅô	Question		question	1	0	0.0625	1	
fa	U+F1B8	ÔÜ∏	Recycle Sign		recycle	0.9375	0	0.125	1	
fa	U+F143	ÔÖÉ	RSS		rss	1	0	0.125	1	
fa	U+F24E	Ôâé	Scales		scales	0.9375	0	0.0625	1	
fa	U+F0EB	ÔÉ´	Smarty		smarty	0.9375	0	0	1	
fa	U+F279	Ôâπ	Source Map		sourcemap	0.875	0	0	1	
fa	U+F185	ÔÜÖ	Sun		sun	0.875	0	0	1	T
fa	U+F03A	ÔÄ∫	Table of Contents		toc	0.9375	0	0.125	1	
fa	U+F1D7	Ôáó	WeChat		wechat	1	0	0.125	1	
fi	U+A5EA	Íó™	1C	1C.svg	_1c	1	0	0.1875	1	
fi	U+EA28	Ó®®	1C, Alt	1C-Alt.svg	_1c-alt	1	0	0	1	
fi	U+E9E8	Óß®	3D Model	3D-Model.svg	model	1	0	0	1	
fi	U+E900	Ó§Ä	3DS Max	3DS-Max.svg	maxscript	1	0	0	1	
fi	U+EB73	Ó≠≥	4D	4D.svg	_4d	1	0	0	1	
fi	U+EB79	Ó≠π	A+	A+.svg	a-plus	1	0	0	1	
fi	U+E92B	Ó§´	ABAP	ABAP.svg	abap	1	0	0	1	
fi	U+EA4E	Ó©é	ABIF	ABIF.svg	abif	1	0	0	1	
fi	U+237A	‚ç∫	Acre	Acre.svg	acre	1	0	0	1	
fi	U+E92E	Ó§Æ	ActionScript	ActionScript.svg	as	1	0	0	1	
fi	U+E90B	Ó§ã	Ada	Ada.svg	ada	1	0	0	1	
fi	U+1D235	ùàµ	Adobe	Adobe.svg	adobe	1	0	0	1	
fi	U+EB5F	Ó≠ü	Adobe Acrobat	Adobe-Acrobat.svg	acrobat	1	0	0	1	
fi	U+E9F3	Óß≥	Adobe After Effects	Adobe-AfterEffects.svg	ae	1	0	0	1	
fi	U+EB41	Ó≠Å	Adobe Animate	Adobe-Animate.svg	adobe-animate	1	0	0	1	
fi	U+3373	„ç≥	Adobe Audition	Adobe-Audition.svg	adobe-audition	1	0	0	1	
fi	U+EB61	Ó≠°	Adobe Bridge	Adobe-Bridge.svg	adobe-bridge	1	0	0	1	
fi	U+EB62	Ó≠¢	Adobe Character Animator	Adobe-CharacterAnimator.svg	adobe-charanim	1	0	0	1	
fi	U+EB5E	Ó≠û	Adobe Creative Cloud	Adobe-CreativeCloud.svg	adobe-cc	1	0	0	1	
fi	U+EB63	Ó≠£	Adobe Dimension	Adobe-Dimension.svg	adobe-dimension	1	0	0	1	
fi	U+EB64	Ó≠§	Adobe Dreamweaver	Adobe-Dreamweaver.svg	dreamweaver	1	0	0	1	
fi	U+EB43	Ó≠É	Adobe Flash	Adobe-Flash.svg	flash	1	0	0	1	
fi	U+EB65	Ó≠•	Adobe Fuse	Adobe-Fuse.svg	adobe-fuse	1	0	0	1	
fi	U+E6B4	Óö¥	Adobe Illustrator	Adobe-Illustrator.svg	ai	1	0	0	1	
fi	U+1F18B	üÜã	Adobe InCopy	Adobe-InCopy.svg	incopy	1	0	0	1	
fi	U+E9F4	Óß¥	Adobe InDesign	Adobe-InDesign.svg	indesign	1	0	0	1	
fi	U+EB67	Ó≠ß	Adobe Lightroom	Adobe-Lightroom.svg	lightroom	1	0	0	1	
fi	U+EB68	Ó≠®	Adobe Media Encoder	Adobe-MediaEncoder.svg	adobe-encoder	1	0	0	1	
fi	U+E6B8	Óö∏	Adobe Photoshop	Adobe-Photoshop.svg	psd	1	0	0	1	
fi	U+EB69	Ó≠©	Adobe Prelude	Adobe-Prelude.svg	adobe-prelude	1	0	0	1	
fi	U+E9F5	Óßµ	Adobe Premiere	Adobe-Premiere.svg	premiere	1	0	0	1	
fi	U+EB6A	Ó≠™	Adobe Premiere Rush	Adobe-PremiereRush.svg	premiere-rush	1	0	0	1	
fi	U+EB6B	Ó≠´	Adobe XD	Adobe-XD.svg	adobe-xd	1	0	0	1	
fi	U+00E6	√¶	Aeternity	Aeternity.svg	aeternity	1	0	0	1	
fi	U+EB2C	Ó¨¨	AffectScript	AffectScript.svg	affectscript	1	0	0	1	
fi	U+EABB	Ó™ª	AffinityDesigner	AffinityDesigner.svg	affinity	1	0	0	1	
fi	U+1315A	ìÖö	Agda	Agda.svg	agda	1	0	0	1	
fi	U+EA0E	Ó®é	Akka	Akka.svg	akka	1	0	0	1	
fi	U+EB27	Ó¨ß	Alacritty	Alacritty.svg	alacritty	1	0	0	1	
fi	U+EB28	Ó¨®	Alacritty, Alt	Alacritty-Alt.svg	alacritty-alt	1	0	0	1	
fi	U+29CB	‚ßã	Alex	Alex.svg	alex	1	0	0	1	
fi	U+E935	Ó§µ	Alloy	Alloy.svg	alloy	1	0	0	1	
fi	U+E9FF	Óßø	Alpine Linux	Alpine-Linux.svg	alpine	1	0	0	1	
fi	U+EB59	Ó≠ô	AMD	AMD.svg	amd	1	0	0	1	
fi	U+26BD	‚öΩ	AmigaOS	AmigaOS.svg	amigaos	1	0	0	1	
fi	U+E94E	Ó•é	AMPL	AMPL.svg	ampl	1	0	0	1	
fi	U+EB32	Ó¨≤	AmuseWiki	AmuseWiki.svg	amusewiki	1	0	0	1	
fi	U+EB7D	Ó≠Ω	Analytica	Analytica.svg	analytica	1	0	0	1	
fi	U+EA5B	Ó©õ	AngelScript	AngelScript.svg	angelscript	1	0	0	1	
fi	U+EAED	Ó´≠	AnimeStudio	AnimeStudio.svg	animestudio	1	0	0	1	
fi	U+24B6	‚í∂	Ansible	Ansible.svg	ansible	1	0	0	1	
fi	U+0061	a	Ansible, Alt	Ansible-Alt.svg	ansible-alt	1	0	0	1	
fi	U+E92C	Ó§¨	ANTLR	ANTLR.svg	antlr	1	0	0	1	
fi	U+2591	‚ñë	Antwar	Antwar.svg	antwar	1	0	0	1	
fi	U+EACF	Ó´è	AnyScript	AnyScript.svg	anyscript	1	0	0	1	
fi	U+E93E	Ó§æ	Apache ANT	Apache-ANT.svg	ant	1	0	0	1	
fi	U+E92D	Ó§≠	API Blueprint	API-Blueprint.svg	api	1	0	0	1	
fi	U+EB99	ÓÆô	API Extractor	APIExtractor.svg	apiextractor	1	0	0	1	
fi	U+234B	‚çã	APL	APL.svg	apl	1	0	0	1	
fi	U+E909	Ó§â	APL, Old	APL-Old.svg	apl-old	1	0	0	1	
fi	U+1F110	üÑê	Apollo	Apollo.svg	apollo	1	0	0	1	
fi	U+EB54	Ó≠î	Apollo Guidance Computer (AGC)	AGC.svg	agc	1	0	0	1	
fi	U+E925	Ó§•	Apple	Apple.svg	apple	1	0	0	1	
fi	U+E923	Ó§£	Appveyor	Appveyor.svg	appveyor	1	0	0	1	
fi	U+E92F	Ó§Ø	Arc	Arc.svg	arc	1	0	0	1	
fi	U+0041	A	Arch Linux	Arch-Linux.svg	archlinux	1	0	0	1	
fi	U+E930	Ó§∞	Arduino	Arduino.svg	arduino	1	0	0	1	
fi	U+EB5B	Ó≠õ	ARM	ARM.svg	arm	1	0	0	1	
fi	U+24D0	‚ìê	ArtText	ArtText.svg	arttext	1	0	0	1	
fi	U+E918	Ó§ò	AsciiDoc	AsciiDoc.svg	asciidoc	1	0	0	1	
fi	U+EAC7	Ó´á	Asciidoctor	Asciidoctor.svg	asciidoctor	1	0	0	1	
fi	U+EB53	Ó≠ì	Assembly, AGC	Assembly-AGC.svg	asm-agc	1	0	0	1	
fi	U+EB52	Ó≠í	Assembly, AMD	Assembly-AMD.svg	asm-amd	1	0	0	1	
fi	U+EB51	Ó≠ë	Assembly, ARM	Assembly-ARM.svg	asm-arm	1	0	0	1	
fi	U+EB50	Ó≠ê	Assembly, AT&T	Assembly-ATT.svg	asm-att	1	0	0	1	
fi	U+EB6C	Ó≠¨	Assembly, AVR	Assembly-AVR.svg	asm-avr	1	0	0	1	
fi	U+EB4F	Ó≠è	Assembly, Generic	Assembly-Generic.svg	asm	1	0	0	1	
fi	U+EB60	Ó≠†	Assembly, Hitachi	Assembly-Hitachi.svg	asm-hitachi	1	0	0	1	
fi	U+EB4E	Ó≠é	Assembly, Intel	Assembly-Intel.svg	asm-intel	1	0	0	1	
fi	U+EB4D	Ó≠ç	Assembly, Motorola	Assembly-Motorola.svg	asm-m68k	1	0	0	1	
fi	U+EB4C	Ó≠å	Assembly, PPC	Assembly-PowerPC.svg	asm-powerpc	1	0	0	1	
fi	U+EB4B	Ó≠ã	Assembly, RISC-V	Assembly-RISCV.svg	asm-riscv	1	0	0	1	
fi	U+EB4A	Ó≠ä	Assembly, SPARC	Assembly-SPARC.svg	asm-sparc	1	0	0	1	
fi	U+EB48	Ó≠à	Assembly, VAX	Assembly-VAX.svg	asm-vax	1	0	0	1	
fi	U+EB47	Ó≠á	Assembly, Zilog	Assembly-Zilog.svg	asm-zilog	1	0	0	1	
fi	U+EAE5	Ó´•	Asymptote	Asymptote.svg	asymptote	1	0	0	1	
fi	U+EAE3	Ó´£	Asymptote, Alt	Asymptote-Alt.svg	asymptote-alt	1	0	0	1	
fi	U+EB55	Ó≠ï	AT&T	ATT.svg	att	1	0	0	1	
fi	U+2649	‚ôâ	Atoum	Atoum.svg	atoum	1	0	0	1	
fi	U+E934	Ó§¥	ATS	ATS.svg	ats	1	0	0	1	
fi	U+E9F9	Óßπ	Audacity	Audacity.svg	audacity	1	0	0	1	
fi	U+E931	Ó§±	Augeas	Augeas.svg	augeas	1	0	0	1	
fi	U+EA48	Ó©à	Aurelia	Aurelia.svg	aurelia	1	0	0	1	
fi	U+E932	Ó§≤	AutoHotkey	AutoHotkey.svg	ahk	1	0	0	1	
fi	U+E933	Ó§≥	AutoIt	AutoIt.svg	autoit	1	0	0	1	
fi	U+EBB4	ÓÆ¥	Automator	Automator.svg	automator	1	0	0	1	
fi	U+EB6D	Ó≠≠	AVR	AVR.svg	avr	1	0	0	1	
fi	U+EAA3	Ó™£	Avro	Avro.svg	avro	1	0	0	1	
fi	U+1F427	üêß	Awk	Awk.svg	awk	1	0	0	1	
fi	U+1F680	üöÄ	Azure Pipelines	Azure-Pipelines.svg	azurepipelines	1	0	0	1	
fi	U+E91F	Ó§ü	Babel	Babel.svg	babel	1	0	0	1	
fi	U+EAC8	Ó´à	Ballerina	Ballerina.svg	ballerina	1	0	0	1	
fi	U+EACD	Ó´ç	Bazaar	Bazaar.svg	bazaar	1	0	0	1	
fi	U+EAD2	Ó´í	Bazel	Bazel.svg	bazel	1	0	0	1	
fi	U+EA5A	Ó©ö	Bazel, Old	Bazel-Old.svg	bazel-old	1	0	0	1	
fi	U+EA89	Ó™â	Behat	Behat.svg	behat	1	0	0	1	
fi	U+EA59	Ó©ô	BEM	BEM.svg	bem	1	0	0	1	
fi	U+E601	ÓòÅ	BibTeX	BibTeX.svg	bibtex	1	0	0	1	
fi	U+EB29	Ó¨©	Biml	Biml.svg	biml	1	0	0	1	
fi	U+EBA4	ÓÆ§	Binder	Binder.svg	binder	1	0	0	1	
fi	U+EA6E	Ó©Æ	BinTray	BinTray.svg	bintray	1	0	0	1	
fi	U+1F402	üêÇ	Bison	Bison.svg	bison	1	0	0	1	
fi	U+EA2A	Ó®™	bitHound	bitHound.svg	bithound	1	0	0	1	
fi	U+E9FA	Óß∫	Blender	Blender.svg	blender	1	0	0	1	
fi	U+EBA5	ÓÆ•	BlitzBASIC	BlitzBASIC.svg	blitzbasic	1	0	0	1	
fi	U+EBA3	ÓÆ£	Bloc	Bloc.svg	bloc	1	0	0	1	
fi	U+E93C	Ó§º	Bluespec	Bluespec.svg	bluespec	1	0	0	1	
fi	U+2A74	‚©¥	BNF	BNF.svg	bnf	1	0	0	1	
fi	U+E939	Ó§π	Boo	Boo.svg	boo	1	0	0	1	
fi	U+1F441	üëÅ	Bors	Bors.svg	bors	1	0	0	1	
fi	U+EB96	ÓÆñ	Bosque	Bosque.svg	bosque	1	0	0	1	
fi	U+E93A	Ó§∫	Brainfuck	Brainfuck.svg	brain	1	0	0	1	
fi	U+E9D6	Óßñ	Brakeman	Brakeman.svg	brakeman	1	0	0	1	
fi	U+E93B	Ó§ª	Bro	Bro.svg	bro	1	0	0	1	
fi	U+E922	Ó§¢	Broccoli	Broccoli.svg	broccoli	1	0	0	1	
fi	U+EAA2	Ó™¢	Brotli	Brotli.svg	brotli	1	0	0	1	
fi	U+EA6C	Ó©¨	Brotli, Old	Brotli-Old.svg	brotli-old	1	0	0	1	
fi	U+EA80	Ó™Ä	Browserslist	Browserslist.svg	browserslist	1	0	0	1	
fi	U+0062	b	Browsersync	Browsersync.svg	browsersync	1	0	0	1	
fi	U+EA47	Ó©á	Brunch	Brunch.svg	brunch	1	0	0	1	
fi	U+EA46	Ó©Ü	Buck	Buck.svg	buck	1	0	0	1	
fi	U+F103	ÔÑÉ	Build Boot	Build-Boot.svg	boot	1	0	0	1	
fi	U+EBAD	ÓÆ≠	Buildkite	Buildkite.svg	buildkite	1	0	0	1	
fi	U+EA45	Ó©Ö	Bundler	Bundler.svg	bundler	1	0	0	1	
fi	U+E962	Ó•¢	BYOND	BYOND.svg	byond	1	0	0	1	
fi	U+EB7B	Ó≠ª	C#	C%23.svg	c-sharp	1	0	0	1	
fi	U+E9E2	Óß¢	C# Script	C%23-Script.svg	csscript	1	0	0	1	
fi	U+EB7C	Ó≠º	C++	C++.svg	cpp	1	0	0	1	
fi	U+E9C2	ÓßÇ	Cabal	Cabal.svg	cabal	1	0	0	1	
fi	U+1F512	üîí	Caddy	Caddy.svg	caddy	1	0	0	1	
fi	U+EA58	Ó©ò	Caddy, Old	Caddy-Old.svg	caddy-old	1	0	0	1	
fi	U+EA9A	Ó™ö	Caffe	Caffe.svg	caffe	1	0	0	1	
fi	U+EAB6	Ó™∂	Caffe2	Caffe2.svg	caffe2	1	0	0	1	
fi	U+EA92	Ó™í	Cairo	Cairo.svg	cairo	1	0	0	1	
fi	U+E9E3	Óß£	Cake	Cake.svg	cake	1	0	0	1	
fi	U+E924	Ó§§	Cakefile	Cakefile.svg	cakefile	1	0	0	1	
fi	U+EA43	Ó©É	CakePHP	CakePHP.svg	cakephp	1	0	0	1	
fi	U+E9D3	Óßì	CakePHP, Old	CakePHP-Old.svg	cakephp-old	1	0	0	1	
fi	U+EBA1	ÓÆ°	Calva	Calva.svg	calva	1	0	0	1	
fi	U+EA98	Ó™ò	Carthage	Carthage.svg	carthage	1	0	0	1	
fi	U+EBB6	ÓÆ∂	CASC	CASC.svg	casc-icon	1	0	0	1	
fi	U+E94F	Ó•è	Ceylon	Ceylon.svg	ceylon	1	0	0	1	
fi	U+0063	c	Chai	Chai.svg	chai	1	0	0	1	
fi	U+E950	Ó•ê	Chapel	Chapel.svg	chapel	1	0	0	1	
fi	U+EA0B	Ó®ã	ChartJS	ChartJS.svg	chartjs	1	0	0	1	
fi	U+1F406	üêÜ	Cheetah3D	Cheetah3D.svg	cheetah3d	1	0	0	1	
fi	U+EA42	Ó©Ç	Chef	Chef.svg	chef	1	0	0	1	
fi	U+1F36B	üç´	Chocolatey	Chocolatey.svg	chocolatey	1	0	0	1	
fi	U+E943	Ó•É	ChucK	ChucK.svg	chuck	1	0	0	1	
fi	U+EA12	Ó®í	CircleCI	CircleCI.svg	circleci	1	0	0	1	
fi	U+E951	Ó•ë	Cirru	Cirru.svg	cirru	1	0	0	1	
fi	U+EA0C	Ó®å	CKEditor	CKEditor.svg	ckeditor	1	0	0	1	
fi	U+E952	Ó•í	Clarion	Clarion.svg	clarion	1	0	0	1	
fi	U+E95B	Ó•õ	Clean	Clean.svg	clean	1	0	0	1	
fi	U+E95C	Ó•ú	Click	Click.svg	click	1	0	0	1	
fi	U+E940	Ó•Ä	CLIPS	CLIPS.svg	clips	1	0	0	1	
fi	U+F104	ÔÑÑ	ClojureJS	ClojureJS.svg	cljs	1	0	0	1	
fi	U+EA82	Ó™Ç	Closure Template	ClosureTemplate.svg	closure-tpl	1	0	0	1	
fi	U+EAD0	Ó´ê	CloudFoundry	CloudFoundry.svg	cloudfoundry	1	0	0	1	
fi	U+E93F	Ó§ø	Cmake	Cmake.svg	cmake	1	0	0	1	
fi	U+EBB5	ÓÆµ	CNAB	CNAB.svg	cnab-icon	1	0	0	1	
fi	U+EA44	Ó©Ñ	COBOL	COBOL.svg	cobol	1	0	0	1	
fi	U+EA97	Ó™ó	CocoaPods	CocoaPods.svg	cocoapods	1	0	0	1	
fi	U+EA8B	Ó™ã	Codacy	Codacy.svg	codacy	1	0	0	1	
fi	U+E9D5	Óßï	Code Climate	Code-Climate.svg	cc	1	0	0	1	
fi	U+2602	‚òÇ	Codecov	Codecov.svg	codecov	1	0	0	1	
fi	U+EA41	Ó©Å	CodeKit	CodeKit.svg	codekit	1	0	0	1	
fi	U+EB8F	ÓÆè	CodeMeta	CodeMeta.svg	codemeta	1	0	0	1	
fi	U+EA0D	Ó®ç	CodeMirror	CodeMirror.svg	codemirror	1	0	0	1	
fi	U+EA6A	Ó©™	CodeShip	CodeShip.svg	codeship	1	0	0	1	
fi	U+E929	Ó§©	ColdFusion	ColdFusion.svg	cf	1	0	0	1	
fi	U+1F191	üÜë	CommitLint	CommitLint.svg	commitlint	1	0	0	1	
fi	U+EBB3	ÓÆ≥	Commitizen	Commitizen.svg	commitizen	1.06666	0	3	1	
fi	U+E972	Ó•≤	Common Lisp	Common-Lisp.svg	cl	1	0	0	1	
fi	U+E942	Ó•Ç	Component Pascal	Component-Pascal.svg	cp	1	0	0	1	
fi	U+E683	ÓöÉ	Composer	Composer.svg	composer	1	0	0	1	
fi	U+EB46	Ó≠Ü	Computable Document Format	CDF.svg	cdf	1	0	0	1	
fi	U+EAD1	Ó´ë	Conan	Conan.svg	conan	1	0	0	1	
fi	U+EB3C	Ó¨º	Conda	Conda.svg	conda	1	0	0	1	
fi	U+F07C	ÔÅº	Config	Config.svg	config	1	0	0	1	
fi	U+EB18	Ó¨ò	Config, CoffeeScript	Config-CoffeeScript.svg	config-coffee	1	0	0	1	
fi	U+EB12	Ó¨í	Config, Go	Config-Go.svg	config-go	1	0	0	1	
fi	U+EB14	Ó¨î	Config, Haskell	Config-Haskell.svg	config-hs	1	0	0	1	
fi	U+EB1A	Ó¨ö	Config, JS	Config-JS.svg	config-js	1	0	0	1	
fi	U+EB19	Ó¨ô	Config, Perl	Config-Perl.svg	config-perl	1	0	0	1	
fi	U+EB15	Ó¨ï	Config, Python	Config-Python.svg	config-python	1	0	0	1	
fi	U+EB16	Ó¨ñ	Config, React	Config-React.svg	config-react	1	0	0	1	
fi	U+EB17	Ó¨ó	Config, Ruby	Config-Ruby.svg	config-ruby	1	0	0	1	
fi	U+EB13	Ó¨ì	Config, Rust	Config-Rust.svg	config-rust	1	0	0	1	
fi	U+EB1B	Ó¨õ	Config, TypeScript	Config-TypeScript.svg	config-ts	1	0	0	1	
fi	U+EAA6	Ó™¶	CoNLL	CoNLL.svg	conll	1	0	0	1	
fi	U+E95F	Ó•ü	Coq	Coq.svg	coq	1	0	0	1	
fi	U+EA11	Ó®ë	Cordova	Cordova.svg	cordova	1	0	0	1	
fi	U+EA90	Ó™ê	CorelDRAW	CorelDRAW.svg	coreldraw	1	0	0	1	
fi	U+EA91	Ó™ë	CorelDRAW, Alt	CorelDRAW-Alt.svg	corel	1	0	0	1	
fi	U+272A	‚ú™	Coveralls	Coveralls.svg	coveralls	1	0	0	1	
fi	U+EA87	Ó™á	CPAN	CPAN.svg	cpan	1	0	0	1	
fi	U+EB8D	ÓÆç	CpcdosC+	CpcdosC+.svg	cpcdosc	1	0	0	1	
fi	U+EB89	ÓÆâ	Craft Tweaker	CraftTweaker.svg	crafttweaker	1	0	0	1	
fi	U+E95E	Ó•û	Creole	Creole.svg	creole	1	0	0	1	
fi	U+EAD3	Ó´ì	Crowdin	Crowdin.svg	crowdin	1	0	0	1	
fi	U+E902	Ó§Ç	Crystal	Crystal.svg	crystal	1	0	0	1	
fi	U+E9F0	Óß∞	CSound	CSound.svg	csound	1	0	0	1	
fi	U+EB92	ÓÆí	Cubit	Cubit.svg	cubit	1	0	0	1	
fi	U+F02B	ÔÄ´	Cucumber	Cucumber.svg	cucumber	1	0	0	1	
fi	U+EB76	Ó≠∂	Cuneiform	Cuneiform.svg	cuneiform	1	0	0	1	
fi	U+EB7A	Ó≠∫	Curl (language)	Curl-Lang.svg	curl-lang	1	0	0	1	
fi	U+002F	/	cURL (program)	cURL.svg	curl	1	0	0	1	
fi	U+EB78	Ó≠∏	Curry	Curry.svg	curry	1	0	0	1	
fi	U+1F41F	üêü	CVS	CVS.svg	cvs	1	0	0	1	
fi	U+29D9	‚ßô	CWL	CWL.svg	cwl	1	0	0	1	
fi	U+E963	Ó•£	Cython	Cython.svg	cython	1	0	0	1	
fi	U+EA10	Ó®ê	D3	D3.svg	d3	1	0	0	1	
fi	U+EB8C	ÓÆå	Dafny	Dafny.svg	dafny	1	0	0	1	
fi	U+E964	Ó•§	Darcs	Darcs-Patch.svg	darcs	1	0	0	1	
fi	U+F07D	ÔÅΩ	Dashboard	Dashboard.svg	dashboard	1	0	0	1	
fi	U+EA99	Ó™ô	DataWeave	DataWeave.svg	dataweave	1	0	0	1	
fi	U+E9F1	Óß±	dBASE	dBASE.svg	dbase	1	0	0	1	
fi	U+1F5CC	üóå	Default	Default.svg	default	1	0	0	1	
fi	U+EA40	Ó©Ä	Delphi	Delphi.svg	delphi	1	0	0	1	
fi	U+EAEF	Ó´Ø	Deno	Deno.svg	deno	1	0	0	1	
fi	U+EB3E	Ó¨æ	Dependabot	Dependabot.svg	dependabot	1	0	0	1	
fi	U+EB83	ÓÆÉ	DevContainer	DevContainer.svg	devcontainer	1	0	0	1	
fi	U+EA57	Ó©ó	DeviceTree	DeviceTree.svg	devicetree	1	0	0	1	
fi	U+1F58B	üñã	Dhall	Dhall.svg	dhall	1	0	0	1	
fi	U+EAB5	Ó™µ	Dia	Dia.svg	dia	1	0	0	1	
fi	U+E960	Ó•†	Diff	Diff.svg	diff	1	0	0	1	
fi	U+EB03	Ó¨É	Digdag	Digdag.svg	digdag	1	0	0	1	
fi	U+2624	‚ò§	DNA	DNA.svg	dna	1	0	0	1	
fi	U+13167	ìÖß	DocBook	DocBook.svg	docbook	1	0	0	1	
fi	U+F106	ÔÑÜ	Dockerfile	Docker.svg	docker	1	0	0	1	
fi	U+EA3F	Ó®ø	Doclets	Doclets.svg	doclets	1	0	0	1	
fi	U+21B9	‚Üπ	DocPad	DocPad.svg	docpad	1	0	0	1	
fi	U+EB21	Ó¨°	Docz	Docz.svg	docz	1	0	0	1	
fi	U+E946	Ó•Ü	Dogescript	Dogescript.svg	doge	1	0	0	1	
fi	U+EA71	Ó©±	DOM	DOM.svg	dom	1	0	0	1	
fi	U+1F3C1	üèÅ	DoneJS	DoneJS.svg	donejs	1	0	0	1	
fi	U+EAF2	Ó´≤	DOSBox	DOSBox.svg	dosbox	1	0	0	1	
fi	U+EAF0	Ó´∞	DOSBox, Alt	DOSBox-Alt.svg	dosbox-alt	1	0	0	1	
fi	U+EB0B	Ó¨ã	doT.js	dotjs.svg	dotjs	1	0	0	1	
fi	U+E928	Ó§®	Doxygen	Doxygen.svg	doxygen	1	0	0	1	
fi	U+EAFD	Ó´Ω	DragonflyBSD	DragonflyBSD.svg	dragonflybsd	1	0	0	1	
fi	U+1F44C	üëå	Dragula	Dragula.svg	dragula	1	0	0	1	
fi	U+EB93	ÓÆì	draw.io	draw.io.svg	drawio	1	0	0	1	
fi	U+EA3D	Ó®Ω	Drone	Drone.svg	drone	1	0	0	1	
fi	U+EBA2	ÓÆ¢	DUB	DUB.svg	dub	1	0	0	1	
fi	U+EB98	ÓÆò	DVC	DVC.svg	dvc	1	0	0	1	
fi	U+E90C	Ó§å	Dyalog	Dyalog.svg	dyalog	1	0	0	1	
fi	U+EA15	Ó®ï	DyLib	DyLib.svg	dylib	1	0	0	1	
fi	U+0045	E	E	E.svg	e	1	0	0	1	
fi	U+E965	Ó••	Eagle	Eagle.svg	eagle	1	0	0	1	
fi	U+EA85	Ó™Ö	EasyBuild	EasyBuild.svg	easybuild	1	0	0	1	
fi	U+E9C9	Óßâ	eC	eC.svg	ec	1	0	0	1	
fi	U+E966	Ó•¶	Ecere	Ecere.svg	ecere	1	0	0	1	
fi	U+EB80	ÓÆÄ	ECLiPSe (language)	ECLiPSe-Lang.svg	eclipse-lang	1	0	0	1	
fi	U+EA78	Ó©∏	Edge	Edge.svg	edge	1	0	0	1	
fi	U+EA1B	Ó®õ	EditorConfig	EditorConfig.svg	editorconfig	1	0	0	1	
fi	U+E967	Ó•ß	Eiffel	Eiffel.svg	eiffel	1	0	0	1	
fi	U+EA4B	Ó©ã	EJS	EJS.svg	ejs	1	0	0	1	
fi	U+EA27	Ó®ß	Electron	Electron.svg	electron	1	0	0	1	
fi	U+24D4	‚ìî	ElementaryOS	ElementaryOS.svg	elementaryos	1	0	0	1	
fi	U+F102	ÔÑÇ	Elm	Elm.svg	elm	1	0	0	1	
fi	U+E926	Ó§¶	Emacs	Emacs.svg	emacs	1	0	0	1	
fi	U+E61B	Óòõ	Ember	Ember.svg	ember	1	0	0	1	
fi	U+E968	Ó•®	EmberScript	EmberScript.svg	em	1	0	0	1	
fi	U+EAD4	Ó´î	Ensime	Ensime.svg	ensime	1	0	0	1	
fi	U+EA0A	Ó®ä	EQ	EQ.svg	eq	1	0	0	1	
fi	U+EA5C	Ó©ú	ESDoc	ESDoc.svg	esdoc	1	0	0	1	
fi	U+EA0F	Ó®è	ESLint	ESLint.svg	eslint	1	0	0	1	
fi	U+E90E	Ó§é	ESLint, Old	ESLint-Old.svg	eslint-old	1	0	0	1	
fi	U+EB71	Ó≠±	Expo	Expo.svg	expo	1	0	0	1	
fi	U+E94B	Ó•ã	Fabfile	Fabfile.svg	fabfile	1	0	0	1	
fi	U+1F4DC	üìú	Fabric	Fabric.svg	fabric	1	0	0	1	
fi	U+E96A	Ó•™	Factor	Factor.svg	factor	1	0	0	1	
fi	U+EAE4	Ó´§	Falcon	Falcon.svg	falcon	1	0	0	1	
fi	U+E96B	Ó•´	Fancy	Fancy.svg	fancy	1	0	0	1	
fi	U+E96F	Ó•Ø	Fantom	Fantom.svg	fantom	1	0	0	1	
fi	U+13168	ìÖ®	Fauna	Fauna.svg	fauna	1	0	0	1	
fi	U+22C0	‚ãÄ	Faust	Faust.svg	faust	1	0	0	1	
fi	U+E9FC	Óßº	FBX	FBX.svg	fbx	1	0	0	1	
fi	U+EB20	Ó¨†	Fexl	Fexl.svg	fexl	1	0	0	1	
fi	U+EA22	Ó®¢	FFmpeg	FFmpeg.svg	ffmpeg	1	0	0	1	
fi	U+24BB	‚íª	Fiddle	Fiddle.svg	fiddle	1	0	0	1	
fi	U+1D4BB	ùíª	Final Draft	FinalDraft.svg	finaldraft	1	0	0	1	
fi	U+E9E9	Óß©	Finder	Finder.svg	finder	1	0	0	1	
fi	U+EA7F	Ó©ø	Firebase	Firebase.svg	firebase	1	0	0	1	
fi	U+26A1	‚ö°	Firebase Bolt	Firebase-Bolt.svg	firebase-bolt	1	0	0	1	
fi	U+1F704	üúÑ	Flask	Flask.svg	flask	1	0	0	1	
fi	U+EAD5	Ó´ï	Floobits	Floobits.svg	floobits	1	0	0	1	
fi	U+E921	Ó§°	Flow	Flow.svg	flow	1	0	0	1	
fi	U+EAEB	Ó´´	Flutter	Flutter.svg	flutter	1	0	0	1	
fi	U+E969	Ó•©	Flux	Flux.svg	flux	1	0	0	1	
fi	U+E90F	Ó§è	Font	Font.svg	font-old	1	0	0	1	
fi	U+EAAB	Ó™´	Font, Bitmap	Font-Bitmap.svg	font-bitmap	1	0	0	1	
fi	U+EAAA	Ó™™	Font, Outline	Font-Outline.svg	font	1	0	0	1	
fi	U+FB00	Ô¨Ä	FontForge	FontForge.svg	ff	1	0	0	1	
fi	U+2442	‚ëÇ	Fork	Fork.svg	fork	1	0	0	1	
fi	U+E90A	Ó§ä	Fortran	Fortran.svg	fortran	1	0	0	1	
fi	U+EAC3	Ó´É	FOSSA	FOSSA.svg	fossa	1	0	0	1	
fi	U+EAD6	Ó´ñ	Fossil	Fossil.svg	fossil	1	0	0	1	
fi	U+1F135	üÑµ	Fountain	Fountain.svg	fountain	1	0	0	1	
fi	U+EA56	Ó©ñ	Franca	Franca.svg	franca	1	0	0	1	
fi	U+EB07	Ó¨á	FreeDesktop	FreeDesktop.svg	freedesktop	1	0	0	1	
fi	U+EAF1	Ó´±	FreeDOS	FreeDOS.svg	freedos	1	0	0	1	
fi	U+E970	Ó•∞	FreeMarker	FreeMarker.svg	freemarker	1	0	0	1	
fi	U+EB7F	Ó≠ø	FreeMat	FreeMat.svg	freemat	1	0	0	1	
fi	U+E96E	Ó•Æ	Frege	Frege.svg	frege	1	0	0	1	
fi	U+EB97	ÓÆó	ftHTML	ftHTML.svg	fthtml	1	0	0	1	
fi	U+EA09	Ó®â	FuelUX	FuelUX.svg	fuelux	1	0	0	1	
fi	U+EAD7	Ó´ó	FuseBox	FuseBox.svg	fusebox	1	0	0	1	
fi	U+EB77	Ó≠∑	Futhark	Futhark.svg	futhark	1	0	0	1	
fi	U+EB74	Ó≠¥	Galaxy	Galaxy.svg	galaxy	1	0	0	1	
fi	U+EAD8	Ó´ò	Galen	Galen.svg	galen	1	0	0	1	
fi	U+E975	Ó•µ	GameMaker	GameMaker.svg	gml	1	0	0	1	
fi	U+E973	Ó•≥	GAMS	GAMS.svg	gams	1	0	0	1	
fi	U+E971	Ó•±	GAP	GAP.svg	gap	1	0	0	1	
fi	U+24BC	‚íº	Gatsby	Gatsby.svg	gatsby	1	0	0	1	
fi	U+EB7E	Ó≠æ	GAUSS	GAUSS.svg	gauss	1	0	0	1	
fi	U+EA08	Ó®à	GDB	GDB.svg	gdb	1	0	0	1	
fi	U+E976	Ó•∂	Genshi	Genshi.svg	genshi	1	0	0	1	
fi	U+2933	‚§≥	For the Record	ForTheRecord.svg	ftr	1	0	0	1	
fi	U+223F	‚àø	GenStat	GenStat.svg	genstat	1	0	0	1	
fi	U+E96D	Ó•≠	Gentoo	Gentoo.svg	gentoo	1	0	0	1	
fi	U+EA8F	Ó™è	Ghostscript	Ghostscript.svg	ghostscript	1	0	0	1	
fi	U+EA88	Ó™à	GIMP	GIMP.svg	gimp	1	0	0	1	
fi	U+EA3C	Ó®º	GitLab	GitLab.svg	gitlab	1	0	0	1	
fi	U+1D5A6	ùñ¶	Gitpod	Gitpod.svg	gitpod	1	0	0	1	
fi	U+E938	Ó§∏	Glade	Glade.svg	glade	1	0	0	1	
fi	U+EACB	Ó´ã	Glide	Glide.svg	glide	1	0	0	1	
fi	U+EAA7	Ó™ß	glTF	glTF.svg	gltf	1	0	0	1	
fi	U+0047	G	Glyphs	Glyphs.svg	glyphs	1	0	0	1	
fi	U+EA25	Ó®•	GN	GN.svg	gn	1	0	0	1	
fi	U+E679	Óôπ	GNU	GNU.svg	gnu	1	0	0	1	
fi	U+1F4C8	üìà	Gnuplot	Gnuplot.svg	gnuplot	1	0	0	1	
fi	U+EAAE	Ó™Æ	Go	Go.svg	go	1	0	0	1	
fi	U+E624	Óò§	Go, Old	Go-Old.svg	go-old	1	0	0	1	
fi	U+E974	Ó•¥	Godot	Godot.svg	godot	1	0	0	1	
fi	U+E979	Ó•π	Golo	Golo.svg	golo	1	0	0	1	
fi	U+EB90	ÓÆê	GoReleaser	GoReleaser.svg	goreleaser	1	0	0	1	
fi	U+E97A	Ó•∫	Gosu	Gosu.svg	gosu	1	0	0	1	
fi	U+E903	Ó§É	Gradle	Gradle.svg	gradle	1	0	0	1	
fi	U+E978	Ó•∏	Grammatical Framework	GF.svg	gf	1	0	0	1	
fi	U+EA8A	Ó™ä	Graphite	Graphite.svg	graphite	1	0	0	1	
fi	U+1F4C9	üìâ	Grapher	Grapher.svg	grapher	1	0	0	1	
fi	U+E97C	Ó•º	GraphQL	GraphQL.svg	graphql	1	0	0	1	
fi	U+EBAE	ÓÆÆ	GraphQL Code Generator	GraphQL-CodeGenerator.svg	gql-codegen	1	0	0	1	
fi	U+E97D	Ó•Ω	GraphViz	GraphViz.svg	graphviz	1	0	0	1	
fi	U+EB02	Ó¨Ç	Gravit Designer	Gravit-Designer.svg	gvdesign	1	0	0	1	
fi	U+EB0C	Ó¨å	Greenkeeper	Greenkeeper.svg	greenkeeper	1	0	0	1	
fi	U+EAE7	Ó´ß	Gridsome	Gridsome.svg	gridsome	1	0	0	1	
fi	U+E904	Ó§Ñ	Groovy	Groovy.svg	groovy	1	0	0	1	
fi	U+E611	Óòë	Grunt	Grunt.svg	grunt	1	0	0	1	
fi	U+E610	Óòê	Gulp	Gulp.svg	gulp	1	0	0	1	
fi	U+E9CE	Óßé	Hack	Hack.svg	hack	1	0	0	1	
fi	U+F15B	ÔÖõ	Haml	Haml.svg	haml	1	0	0	1	
fi	U+E97B	Ó•ª	Harbour	Harbour.svg	harbour	1	0	0	1	
fi	U+E97E	Ó•æ	HashiCorp	HashiCorp.svg	hashicorp	1	0	0	1	
fi	U+EBAB	ÓÆ´	Haskell IDE Engine	HIE.svg	hie	1	0	0	1	
fi	U+E907	Ó§á	Haxe	Haxe.svg	haxe	1	0	0	1	
fi	U+EA3B	Ó®ª	HaxeDevelop	HaxeDevelop.svg	haxedevelop	1	0	0	1	
fi	U+2695	‚öï	Helix	Helix.svg	helix	1	0	0	1	
fi	U+33CB	„èã	Hewlett-Packard	HewlettPackard.svg	hp	1	0	0	1	
fi	U+EB66	Ó≠¶	Hitachi	Hitachi.svg	hitachi	1	0	0	1	
fi	U+EAC2	Ó´Ç	HJSON	HJSON.svg	hjson	1	0	0	1	
fi	U+1F37A	üç∫	Homebrew	Homebrew.svg	brew	1	0	0	1	
fi	U+1F998	ü¶ò	Hop	Hop.svg	hop	1	0	0	1	
fi	U+EA4D	Ó©ç	Hoplon	Hoplon.svg	hoplon	1	0	0	1	
fi	U+1F300	üåÄ	Houdini	Houdini.svg	houdini	1	0	0	1	
fi	U+EAAF	Ó™Ø	HoundCI	HoundCI.svg	houndci	1	0	0	1	
fi	U+24BD	‚íΩ	Hugo	Hugo.svg	hugo	1	0	0	1	
fi	U+1F436	üê∂	Husky	Husky.svg	husky	1	0	0	1	
fi	U+E97F	Ó•ø	Hy	Hy.svg	hy	1	0	0	1	
fi	U+1F4C3	üìÉ	Hygen	Hygen.svg	hygen	1	0	0	1	
fi	U+EB37	Ó¨∑	Hyper	Hyper.svg	hyper	1	0	0	1	
fi	U+EAEA	Ó´™	IcoMoon	IcoMoon.svg	icomoon	1	0	0	1	
fi	U+EA23	Ó®£	ICU	ICU.svg	icu	1	0	0	1	
fi	U+E947	Ó•á	IDL	IDL.svg	idl	1	0	0	1	
fi	U+E983	Ó¶É	Idris	Idris.svg	idris	1	0	0	1	
fi	U+E980	Ó¶Ä	IGOR Pro	IGOR-Pro.svg	igorpro	1	0	0	1	
fi	U+EAF4	Ó´¥	illumos	illumos.svg	illumos	1	0	0	1	
fi	U+F012	ÔÄí	Image	Image.svg	image	1	0	0	1	
fi	U+26FF	‚õø	Imba	Imba.svg	imba	1	0	0	1	
fi	U+EAE9	Ó´©	Imba, Alt	Imba-Alt.svg	imba-alt	1	0	0	1	
fi	U+1F4A0	üí†	Imba, Old	Imba-Old.svg	imba-old	1	0	0	1	
fi	U+EB1F	Ó¨ü	InfluxData	InfluxData.svg	influxdata	1	0	0	1	
fi	U+E984	Ó¶Ñ	Inform 7	Inform7.svg	inform7	1	0	0	1	
fi	U+EACE	Ó´é	Ink	Ink.svg	ink	1	0	0	1	
fi	U+EA8E	Ó™é	Inkscape	Inkscape.svg	inkscape	1	0	0	1	
fi	U+E985	Ó¶Ö	Inno Setup	InnoSetup.svg	inno	1	0	0	1	
fi	U+EB5A	Ó≠ö	Intel	Intel.svg	intel	1	0	0	1	
fi	U+E981	Ó¶Å	Io	Io.svg	io	1	0	0	1	
fi	U+E982	Ó¶Ç	Ioke	Ioke.svg	ioke	1	0	0	1	
fi	U+F14B	ÔÖã	Ionic Project	Ionic-Project.svg	ionic	1	0	0	1	
fi	U+E945	Ó•Ö	Isabelle	Isabelle.svg	isabelle	1	0	0	1	
fi	U+1F54C	üïå	Istanbul	Istanbul.svg	istanbul	1	0	0	1	
fi	U+E937	Ó§∑	J	J.svg	j	1	0	0	1	
fi	U+E90D	Ó§ç	Jade	Jade.svg	jade	1	0	0	1	
fi	U+E948	Ó•à	Jake	Jakefile.svg	jake	1	0	0	1	
fi	U+EB2A	Ó¨™	Janet	Janet.svg	janet	1	0	0	1	
fi	U+EA3A	Ó®∫	Jasmine	Jasmine.svg	jasmine	1	0	0	1	
fi	U+E667	Óôß	Jenkins	Jenkins.svg	jenkins	1	0	0	1	
fi	U+EA39	Ó®π	Jest	Jest.svg	jest	1	0	0	1	
fi	U+E944	Ó•Ñ	Jinja	Jinja.svg	jinja	1	0	0	1	
fi	U+EA55	Ó©ï	Jison	Jison.svg	jison	1	0	0	1	
fi	U+EA75	Ó©µ	Jolie	Jolie.svg	jolie	1	0	0	1	
fi	U+EB95	ÓÆï	jscpd	jscpd.svg	jscpd	1	0	0	1	
fi	U+EABE	Ó™æ	JSON-1	JSON-1.svg	json	1	0	0	1	
fi	U+EABD	Ó™Ω	JSON-2	JSON-2.svg	json-alt	1	0	0	1	
fi	U+E958	Ó•ò	JSON-LD	JSON-LD1.svg	jsonld	1	0	0	1	
fi	U+E959	Ó•ô	JSON-LD2	JSON-LD2.svg	sparql	1	0	0	1	
fi	U+2478	‚ë∏	JSON5	JSON5.svg	json5	1	0	0	1	
fi	U+EB1E	Ó¨û	Jsonnet	Jsonnet.svg	jsonnet	1	0	0	1	
fi	U+E9E6	Óß¶	JSX	JSX.svg	jsx	1	0	0	1	
fi	U+F101	ÔÑÅ	JSX, Alt	JSX-Alt.svg	jsx-alt	1	0	0	1	
fi	U+F100	ÔÑÄ	JSX, Atom	JSX-Atom.svg	react	1	0	0	1	
fi	U+26EC	‚õ¨	Julia	Julia.svg	julia	1	0	0	1	
fi	U+EA81	Ó™Å	Junos	Junos.svg	junos	1	0	0	1	
fi	U+E987	Ó¶á	Jupyter	Jupyter.svg	jupyter	1	0	0	1	
fi	U+30AB	„Ç´	Kaitai	Kaitai.svg	kaitai	1	0	0	1	
fi	U+E9CD	Óßç	Karma	Karma.svg	karma	1	0	0	1	
fi	U+EAF8	Ó´∏	Keybase	Keybase.svg	keybase	1	0	0	1	
fi	U+E9E5	Óß•	Keynote	Keynote.svg	keynote	1	0	0	1	
fi	U+E9F8	Óß∏	Khronos	Khronos.svg	khronos	1	0	0	1	
fi	U+EBA9	ÓÆ©	Kibo	Kibo.svg	kibo	1	0	0	1	
fi	U+EA4C	Ó©å	KiCad	KiCad.svg	kicad	1	0	0	1	
fi	U+EA38	Ó®∏	KitchenCI	KitchenCI.svg	kitchenci	1	0	0	1	
fi	U+E901	Ó§Å	Kivy	Kivy.svg	kivy	1	0	0	1	
fi	U+EB75	Ó≠µ	KNIME	KNIME.svg	knime	1	0	0	1	
fi	U+004B	K	Knockout	Knockout.svg	knockout	1	0	0	1	
fi	U+006B	k	kOS	kOS.svg	kos	1	0	0	1	
fi	U+E989	Ó¶â	Kotlin	Kotlin.svg	kotlin	1	0	0	1	
fi	U+E988	Ó¶à	KRL	KRL.svg	krl	1	0	0	1	
fi	U+2388	‚éà	Kubernetes	Kubernetes.svg	kubernetes	1	0	0	1	
fi	U+EB9A	ÓÆö	Kusto	Kusto.svg	kusto	1	0	0	1	
fi	U+EB9B	ÓÆõ	Kusto, Alt	Kusto-Alt.svg	kusto-alt	1	0	0	1	
fi	U+EA9B	Ó™õ	Kx	Kx.svg	kx	1	0	0	1	
fi	U+E98A	Ó¶ä	LabVIEW	LabVIEW.svg	labview	1	0	0	1	
fi	U+E63F	Óòø	Laravel	Laravel.svg	laravel	1	0	0	1	S
fi	U+1316B	ìÖ´	Lark	Lark.svg	lark	1	0	0	1	
fi	U+E98C	Ó¶å	Lasso	Lasso.svg	lasso	1	0	0	1	
fi	U+1F426	üê¶	Latino	Latino.svg	latino	1	0	0	1	
fi	U+EA07	Ó®á	Leaflet	Leaflet.svg	leaflet	1	0	0	1	
fi	U+004C	L	Lean	Lean.svg	lean	1	0	0	1	
fi	U+EB8B	ÓÆã	Lefthook	Lefthook.svg	lefthook	1	0	0	1	
fi	U+1F44A	üëä	Lefthook, Alt	Lefthook-Alt.svg	lefthook-alt	1	0	0	1	
fi	U+F105	ÔÑÖ	Leiningen	Leiningen.svg	lein	1	0	0	1	
fi	U+EAB9	Ó™π	Lektor	Lektor.svg	lektor	1	0	0	1	
fi	U+EA37	Ó®∑	Lerna	Lerna.svg	lerna	1	0	0	1	
fi	U+101EF	êáØ	Lex	Lex.svg	lex	1	0	0	1	
fi	U+1316A	ìÖ™	Lex, Alt	Lex-Alt.svg	lex-alt	1	0	0	1	
fi	U+E94C	Ó•å	LFE	LFE.svg	lfe	1	0	0	1	
fi	U+1F435	üêµ	LGTM	LGTM.svg	lgtm	1	0	0	1	
fi	U+EA21	Ó®°	libuv	libuv.svg	libuv	1	0	0	1	
fi	U+E9FB	Óßª	LightWave	LightWave.svg	lightwave	1	0	0	1	
fi	U+26EF	‚õØ	Lighthouse	Lighthouse.svg	lighthouse	1	0	0	1	
fi	U+1F4AE	üíÆ	LilyPond	LilyPond.svg	lilypond	1	0	0	1	
fi	U+EA36	Ó®∂	Lime	Lime.svg	lime	1	0	0	1	
fi	U+1D6CC	ùõå	LINQPad	LINQPad.svg	linqpad	1	0	0	1	
fi	U+E908	Ó§à	Lisp	Lisp.svg	lisp	1	0	0	1	
fi	U+E914	Ó§î	LiveScript	LiveScript.svg	ls	1	0	0	1	
fi	U+E91D	Ó§ù	LLVM	LLVM.svg	llvm	1	0	0	1	
fi	U+E98D	Ó¶ç	Logtalk	Logtalk.svg	logtalk	1	0	0	1	
fi	U+1F63A	üò∫	LOLCODE	LOLCODE.svg	lolcode	1	0	0	1	
fi	U+E98E	Ó¶é	LookML	LookML.svg	lookml	1	0	0	1	
fi	U+E98B	Ó¶ã	LSL	LSL.svg	lsl	1	0	0	1	
fi	U+E91B	Ó§õ	Lua	Lua.svg	lua	1	0	0	1	
fi	U+2644	‚ôÑ	Macaulay2	Macaulay2.svg	macaulay2	1	0	0	1	
fi	U+EB23	Ó¨£	MacVim	MacVim.svg	macvim	1	0	0	1	
fi	U+EB05	Ó¨Ö	Magit	Magit.svg	magit	1	0	0	1	
fi	U+E98F	Ó¶è	Mako	Mako.svg	mako	1	0	0	1	
fi	U+EB06	Ó¨Ü	Manjaro	Manjaro.svg	manjaro	1	0	0	1	
fi	U+E936	Ó§∂	Manpage	Manpage.svg	manpage	1	0	0	1	
fi	U+E941	Ó•Å	Mapbox	Mapbox.svg	mapbox	1	0	0	1	
fi	U+F0C9	ÔÉâ	MarkdownLint	MarkdownLint.svg	markdownlint	1	0	0	1	
fi	U+E920	Ó§†	Marko	Marko.svg	marko	1	0	0	1	
fi	U+E990	Ó¶ê	Mathematica	Mathematica.svg	mathematica	1	0	0	1	
fi	U+EA06	Ó®Ü	MathJax	MathJax.svg	mathjax	1	0	0	1	
fi	U+E991	Ó¶ë	MATLAB	MATLAB.svg	matlab	1	0	0	1	
fi	U+2668	‚ô®	Matroska	Matroska.svg	matroska	1	0	0	1	
fi	U+E993	Ó¶ì	Max	Max.svg	max	1	0	0	1	
fi	U+E9F6	Óß∂	Maya	Maya.svg	maya	1	0	0	1	
fi	U+EAB7	Ó™∑	MDX	MDX.svg	mdx	1	0	0	1	
fi	U+E954	Ó•î	MediaWiki	MediaWiki.svg	mediawiki	1	0	0	1	
fi	U+33AB	„é´	MELPA	MELPA.svg	melpa	1	0	0	1	
fi	U+263F	‚òø	Mercurial	Mercurial.svg	hg	1	0	0	1	
fi	U+E994	Ó¶î	Mercury	Mercury.svg	mercury	1	0	0	1	
fi	U+EB84	ÓÆÑ	Mermaid	Mermaid.svg	mermaid	1	0	0	1	
fi	U+EAFE	Ó´æ	Meson	Meson.svg	meson	1	0	0	1	
fi	U+EA54	Ó©î	Meson, Old	Meson-Old.svg	meson-old	1	0	0	1	
fi	U+004D	M	Metal	Metal.svg	metal	1	0	0	1	
fi	U+1D5AC	ùñ¨	MetaPost	MetaPost.svg	metapost	1	0	0	1	
fi	U+E6A5	Óö•	Meteor	Meteor.svg	meteor	1	0	0	1	
fi	U+E9EA	Óß™	Microsoft Access	Microsoft-Access.svg	access	1	0	0	1	
fi	U+E9EE	ÓßÆ	Microsoft Excel	Microsoft-Excel.svg	excel	1	0	0	1	
fi	U+EA35	Ó®µ	Microsoft InfoPath	Microsoft-InfoPath.svg	infopath	1	0	0	1	
fi	U+EAD9	Ó´ô	Microsoft Lync	Microsoft-Lync.svg	lync	1	0	0	1	
fi	U+E9EB	Óß´	Microsoft OneNote	Microsoft-OneNote.svg	onenote	1	0	0	1	
fi	U+EADA	Ó´ö	Microsoft Outlook	Microsoft-Outlook.svg	outlook	1	0	0	1	
fi	U+E9EC	Óß¨	Microsoft PowerPoint	Microsoft-PowerPoint.svg	powerpoint	1	0	0	1	
fi	U+EAE8	Ó´®	Microsoft Project	Microsoft-Project.svg	msproject	1	0	0	1	
fi	U+EADD	Ó´ù	Microsoft Publisher	Microsoft-Publisher.svg	publisher	1	0	0	1	
fi	U+EA83	Ó™É	Microsoft Visio	Microsoft-Visio.svg	visio	1	0	0	1	
fi	U+E9ED	Óß≠	Microsoft Word	Microsoft-Word.svg	word	1	0	0	1	
fi	U+E9DC	Óßú	Minecraft	Minecraft.svg	minecraft	1	0	0	1	
fi	U+EA53	Ó©ì	MiniZinc	MiniZinc.svg	minizinc	1	0	0	1	
fi	U+E995	Ó¶ï	Mirah	Mirah.svg	mirah	1	0	0	1	
fi	U+EA52	Ó©í	Miranda	Miranda.svg	miranda	1	0	0	1	
fi	U+EB3A	Ó¨∫	mIRC	mIRC.svg	mirc	1	0	0	1	
fi	U+EA6F	Ó©Ø	MJML	MJML.svg	mjml	1	0	0	1	
fi	U+26FE	‚õæ	Mocha	Mocha.svg	mocha	1	0	0	1	
fi	U+EAFF	Ó´ø	Modelica	Modelica.svg	modelica	1	0	0	1	
fi	U+EB9F	ÓÆü	Modern Web	ModernWeb.svg	modernweb	1	0	0	1	
fi	U+F01F	ÔÄü	Modo	Modo.svg	modo	1	0	0	1	
fi	U+E996	Ó¶ñ	Modula 2	Modula-2.svg	modula2	1	0	0	1	
fi	U+2778	‚ù∏	Modula-3	Modula-3.svg	modula3	1	0	0	1	
fi	U+EAEE	Ó´Æ	Moho	Moho.svg	moho	1	0	0	1	
fi	U+EB0E	Ó¨é	Moleculer	Moleculer.svg	moleculer	1	0	0	1	
fi	U+1F558	üïò	Moment	Moment.svg	moment	1	0	0	1	
fi	U+1F30D	üåç	Moment Timezone	Moment-Timezone.svg	moment-tz	1	0	0	1	
fi	U+E997	Ó¶ó	Monkey	Monkey.svg	monkey	1	0	0	1	
fi	U+1F5FF	üóø	Mono	Mono.svg	mono	1	0	0	1	
fi	U+1F400	üêÄ	Monotone	Monotone.svg	monotone	1	0	0	1	
fi	U+24C2	‚ìÇ	Motorola	Motorola.svg	motorola	1	0	0	1	
fi	U+E60F	Óòè	Moustache	Moustache.svg	mustache	1	0	0	1	
fi	U+EA18	Ó®ò	Mruby	Mruby.svg	mruby	1	0	0	1	
fi	U+EAFA	Ó´∫	MS-DOS	MS-DOS.svg	msdos	1	0	0	1	
fi	U+E9CA	Óßä	MuPAD	MuPAD.svg	mupad	1	0	0	1	
fi	U+EA76	Ó©∂	Nano	Nano.svg	nano	1	0	0	1	
fi	U+EA51	Ó©ë	Nanoc	Nanoc.svg	nanoc	1	0	0	1	
fi	U+E9E1	Óß°	NAnt	NAnt.svg	nant	1	0	0	1	
fi	U+EA72	Ó©≤	NASM	NASM.svg	nasm	1	0	0	1	
fi	U+EAB4	Ó™¥	NDepend	NDepend.svg	ndepend	1	0	0	1	
fi	U+EA05	Ó®Ö	Neko	Neko.svg	neko	1	0	0	1	
fi	U+1F985	ü¶Ö	Nemerle	Nemerle.svg	nemerle	1	0	0	1	
fi	U+EAB3	Ó™≥	Neo4J	Neo4J.svg	neo4j	1	0	0	1	
fi	U+EB8E	ÓÆé	NEON	NEON.svg	neon	1	0	0	1	
fi	U+23E3	‚è£	Nessus	Nessus.svg	nessus	1	0	0	1	
fi	U+EAC9	Ó´â	NestJS	NestJS.svg	nestjs	1	0	0	1	
fi	U+EABF	Ó™ø	Netlify	Netlify.svg	netlify	1	0	0	1	
fi	U+E99B	Ó¶õ	NetLinx	NetLinx.svg	amx	1	0	0	1	
fi	U+E99C	Ó¶ú	NetLogo	NetLogo.svg	netlogo	1	0	0	1	
fi	U+E9D7	Óßó	New Relic	New-Relic.svg	newrelic	1	0	0	1	
fi	U+EAA5	Ó™•	Nextflow	Nextflow.svg	nextflow	1	0	0	1	
fi	U+24C3	‚ìÉ	NextJS	NextJS.svg	nextjs	1	0	0	1	
fi	U+F146B	Û±ë´	nginx	nginx.svg	nginx	1	0	0	1	
fi	U+EBB2	ÓÆ≤	NgRx	NgRx.svg	ngrx	1	0	0	1	
fi	U+2712	‚úí	Nib	Nib.svg	nib	1	0	0	1	
fi	U+00A2	¬¢	Nickle	Nickle.svg	nickle	1	0	0	1	
fi	U+EB08	Ó¨à	Nightwatch	Nightwatch.svg	nightwatch	1	0	0	1	
fi	U+EB85	ÓÆÖ	Nimble	Nimble.svg	nimble	1	0	0	1	
fi	U+E998	Ó¶ò	Nimrod	Nimrod.svg	nimrod	1	0	0	1	
fi	U+006E	n	Nintendo 64	Nintendo64.svg	n64	1	0	0	1	
fi	U+E999	Ó¶ô	Nit	Nit.svg	nit	1	0	0	1	
fi	U+E99A	Ó¶ö	Nix	Nix.svg	nix	1	0	0	1	
fi	U+E94D	Ó•ç	Nmap	Nmap.svg	nmap	1	0	0	1	
fi	U+EA26	Ó®¶	Nodemon	Nodemon.svg	nodemon	1	0	0	1	
fi	U+92F8	Èã∏	Nokogiri	Nokogiri.svg	nokogiri	1	0	0	1	
fi	U+EA96	Ó™ñ	Nomad	Nomad.svg	nomad	1	0	0	1	
fi	U+EB33	Ó¨≥	Noon	Noon.svg	noon	1	0	0	1	
fi	U+EA04	Ó®Ñ	Normalize	Normalise.svg	normalize	1	0	0	1	
fi	U+E91C	Ó§ú	NPM	NPM.svg	npm	1	0	0	1	
fi	U+F17B	ÔÖª	NPM, Old	NPM-Old.svg	npm-old	1	0	0	1	
fi	U+EA1E	Ó®û	NSIS	NSIS.svg	nsis	1	0	0	1	
fi	U+E992	Ó¶í	NSIS, Old	NSIS-Old.svg	nsis-old	1	0	0	1	
fi	U+EB2F	Ó¨Ø	NSRI	NSRI.svg	nsri	1	0	0	1	
fi	U+EB2B	Ó¨´	NSRI, Alt	NSRI-Alt.svg	nsri-alt	1	0	0	1	
fi	U+EA34	Ó®¥	Nuclide	Nuclide.svg	nuclide	1	0	0	1	
fi	U+E9D9	Óßô	NuGet	NuGet.svg	nuget	1	0	0	1	
fi	U+EBA8	ÓÆ®	NumPy	NumPy.svg	numpy	1	0	0	1	
fi	U+E99D	Ó¶ù	NumPy, Old	NumPy-Old.svg	numpy-old	1	0	0	1	
fi	U+E953	Ó•ì	Nunjucks	Nunjucks.svg	nunjucks	1	0	0	1	
fi	U+EACA	Ó´ä	Nuxt	Nuxt.svg	nuxt	1	0	0	1	
fi	U+E95D	Ó•ù	NVIDIA	NVIDIA.svg	nvidia	1	0	0	1	
fi	U+23FF	‚èø	NWScript	NWScript.svg	nwscript	1	0	0	1	
fi	U+EB9C	ÓÆú	Nx	Nx.svg	nx	1	0	0	1	
fi	U+EA6B	Ó©´	NXC	NXC.svg	nxc	1	0	0	1	
fi	U+EB3F	Ó¨ø	Oberon	Oberon.svg	oberon	1	0	0	1	
fi	U+E99E	Ó¶û	Objective-J	Objective-J.svg	objj	1	0	0	1	
fi	U+E91A	Ó§ö	OCaml	OCaml.svg	ocaml	1	0	0	1	
fi	U+EA33	Ó®≥	Octave	Octave.svg	octave	1	0	0	1	
fi	U+EB36	Ó¨∂	Odin	Odin.svg	odin	1	0	0	1	
fi	U+EBAA	ÓÆ™	Ogone	Ogone.svg	ogone	1	0	0	1	
fi	U+EBAF	ÓÆØ	OmniGraffle	OmniGraffle.svg	omnigraffle	1	0	0	1	
fi	U+E9CB	Óßã	OOC	OOC.svg	ooc	1	0	0	1	
fi	U+2601	‚òÅ	Opa	Opa.svg	opa	1	0	0	1	
fi	U+EB39	Ó¨π	Open Policy Agent	OpenPolicyAgent.svg	openpolicy	1	0	0	1	
fi	U+EB0A	Ó¨ä	OpenAPI	OpenAPI.svg	openapi	1	0	0	1	
fi	U+1F421	üê°	OpenBSD	OpenBSD.svg	openbsd	1	0	0	1	
fi	U+1F420	üê†	OpenBSD, Alt	OpenBSD-Alt.svg	openbsd-alt	1	0	0	1	
fi	U+E99F	Ó¶ü	OpenCL	OpenCL.svg	opencl	1	0	0	1	
fi	U+EA8D	Ó™ç	OpenCV	OpenCV.svg	opencv	1	0	0	1	
fi	U+1F127	üÑß	OpenEXR	OpenEXR.svg	openexr	1	0	0	1	
fi	U+EA7A	Ó©∫	OpenGL	OpenGL.svg	opengl	1	0	0	1	
fi	U+01A3	∆£	OpenIndiana	OpenIndiana.svg	openindiana	1	0	0	1	
fi	U+E9E4	Óß§	OpenOffice	OpenOffice.svg	openoffice	1	0	0	1	
fi	U+E911	Ó§ë	OpensCAD	OpensCAD.svg	scad	1	0	0	1	
fi	U+EAF5	Ó´µ	OpenSolaris	OpenSolaris.svg	opensolaris	1	0	0	1	
fi	U+EB6F	Ó≠Ø	OpenStack	OpenStack.svg	openstack	1	0	0	1	
fi	U+EAC6	Ó´Ü	OpenVMS	OpenVMS.svg	openvms	1	0	0	1	
fi	U+EAF3	Ó´≥	OpenVPN	OpenVPN.svg	openvpn	1	0	0	1	
fi	U+1D419	ùêô	OpenZFS	OpenZFS.svg	openzfs	1	0	0	1	
fi	U+E917	Ó§ó	Org-mode	Org-Mode.svg	org	1	0	0	1	
fi	U+EAF6	Ó´∂	OS2	OS2.svg	os2	1	0	0	1	
fi	U+E957	Ó•ó	OWL	OWL.svg	owl	1	0	0	1	
fi	U+E9A1	Ó¶°	Ox	Ox.svg	ox	1	0	0	1	
fi	U+E9BF	Ó¶ø	Oxygene	Oxygene.svg	oxygene	1	0	0	1	
fi	U+E9BE	Ó¶æ	Oz	Oz.svg	oz	1	0	0	1	
fi	U+EA50	Ó©ê	P4	P4.svg	p4	1	0	0	1	
fi	U+E9BD	Ó¶Ω	Pan	Pan.svg	pan	1	0	0	1	
fi	U+E9BC	Ó¶º	Papyrus	Papyrus.svg	papyrus	1	0	0	1	
fi	U+E9BB	Ó¶ª	Parrot	Parrot.svg	parrot	1	0	0	1	
fi	U+E92A	Ó§™	Pascal	Pascal.svg	pascal	1	0	0	1	
fi	U+E961	Ó•°	Patch	Patch.svg	patch	1	0	0	1	
fi	U+EB42	Ó≠Ç	Patreon	Patreon.svg	patreon	1	0	0	1	
fi	U+265F	‚ôü	PAWN	PAWN.svg	pawn	1	0	0	1	
fi	U+26C5	‚õÖ	PCD	PCD.svg	pcd	1	0	0	1	
fi	U+EA74	Ó©¥	PegJS	PegJS.svg	peg	1	0	0	1	
fi	U+E96C	Ó•¨	Perl6	Perl6.svg	perl6	1	0	0	1	
fi	U+E94A	Ó•ä	Phalcon	Phalcon.svg	phalcon	1	0	0	1	
fi	U+EA5F	Ó©ü	Phoenix	Phoenix.svg	phoenix	1	0	0	1	
fi	U+F147	ÔÖá	PHP	PHP.svg	php	1	0	0	1	
fi	U+EA32	Ó®≤	PHPUnit	PHPUnit.svg	phpunit	1	0	0	1	
fi	U+EADB	Ó´õ	PhraseApp	PhraseApp.svg	phraseapp	1	0	0	1	
fi	U+E9C4	ÓßÑ	Pickle	Pickle.svg	pickle	1	0	0	1	
fi	U+EABC	Ó™º	PICO-8	PICO-8.svg	pico8	1	0	0	1	
fi	U+EB25	Ó¨•	PicoLisp	PicoLisp.svg	picolisp	1	0	0	1	
fi	U+E9B9	Ó¶π	Pike	Pike.svg	pike	1	0	0	1	
fi	U+EB30	Ó¨∞	PineScript	PineScript.svg	pinescript	1	0	0	1	
fi	U+1F381	üéÅ	Pipenv	Pipenv.svg	pipenv	1	0	0	1	
fi	U+EAF9	Ó´π	pkgsrc	pkgsrc.svg	pkgsrc	1	0	0	1	
fi	U+EA2C	Ó®¨	PlatformIO	PlatformIO.svg	platformio	1	0	0	1	
fi	U+2630	‚ò∞	PM2	PM2.svg	pm2	1	0	0	1	
fi	U+EB86	ÓÆÜ	PNPM	PNPM.svg	pnpm	1	0	0	1	
fi	U+EA84	Ó™Ñ	Pod	Pod.svg	pod	1	0	0	1	
fi	U+E9B8	Ó¶∏	PogoScript	PogoScript.svg	pogo	1	0	0	1	
fi	U+E977	Ó•∑	PointWise	PointWise.svg	pointwise	1	0	0	1	
fi	U+EA2B	Ó®´	Polymer	Polymer.svg	polymer	1	0	0	1	
fi	U+E9B7	Ó¶∑	Pony	Pony.svg	pony	1	0	0	1	
fi	U+E910	Ó§ê	PostCSS	PostCSS.svg	postcss	1	0	0	1	
fi	U+E955	Ó•ï	PostScript	PostScript.svg	postscript	1	0	0	1	
fi	U+0050	P	POV-Ray	POV-Ray.svg	povray	1	0	0	1	
fi	U+EA14	Ó®î	PowerBuilder	PowerBuilder.svg	powerbuilder	1	0	0	1	
fi	U+EB58	Ó≠ò	PowerPC	PowerPC.svg	powerpc	1	0	0	1	
fi	U+E9DA	Óßö	PowerShell	PowerShell.svg	powershell	1	0	0	1	
fi	U+2295	‚äï	Precision	Precision.svg	precision	1	0	0	1	
fi	U+EAC1	Ó´Å	Precommit	Precommit.svg	precommit	1	0	0	1	
fi	U+EAA1	Ó™°	Prettier	Prettier.svg	prettier	1	0	0	1	
fi	U+EAC5	Ó´Ö	Prisma	Prisma.svg	prisma	1	0	0	1	
fi	U+E9A0	Ó¶†	Processing	Processing.svg	processing	1	0	0	1	
fi	U+EADC	Ó´ú	Progress	Progress.svg	progress	1	0	0	1	
fi	U+E9C0	ÓßÄ	Progress, Old	Progress-Old.svg	progress-old	1	0	0	1	
fi	U+E9B5	Ó¶µ	Propeller	Propeller.svg	propeller	1	0	0	1	
fi	U+EAAD	Ó™≠	PROS	PROS.svg	pros	1	0	0	1	
fi	U+EA6D	Ó©≠	Proselint	Proselint.svg	proselint	1	0	0	1	
fi	U+E9DE	Óßû	Protractor	Protractor.svg	protractor	1	0	0	1	
fi	U+EA13	Ó®ì	Pug	Pug.svg	pug	1	0	0	1	
fi	U+E9D0	Óßê	Pug, Alt	Pug-Old.svg	pug-alt	1	0	0	1	
fi	U+293E	‚§æ	PullApprove	PullApprove.svg	pullapprove	1	0	0	1	
fi	U+F0C3	ÔÉÉ	Puppet	Puppet.svg	puppet	1	0	0	1	
fi	U+1F4A7	üíß	Pure	Pure.svg	pure	1	0	0	1	
fi	U+01B5	∆µ	PureBasic	PureBasic.svg	purebasic	1	0	0	1	
fi	U+E9B2	Ó¶≤	PureScript	PureScript.svg	purescript	1	0	0	1	
fi	U+EA94	Ó™î	PyPi	PyPi.svg	pypi	1	0	0	1	
fi	U+2620	‚ò†	Pyret	Pyret.svg	pyret	1	0	0	1	
fi	U+EBA6	ÓÆ¶	pytest	pytest.svg	pytest	1	0	0	1	
fi	U+EB26	Ó¨¶	PyUp	PyUp.svg	pyup	1	0	0	1	
fi	U+EB91	ÓÆë	Q#	Q#.svg	qsharp	1	0	0	1	
fi	U+EB81	ÓÆÅ	Qiskit	Qiskit.svg	qiskit	1	0	0	1	
fi	U+1F50D	üîç	QlikView	QlikView.svg	qlik	1	0	0	1	
fi	U+EB00	Ó¨Ä	QT	QT.svg	qt	1	0	0	1	
fi	U+EACC	Ó´å	Quasar	Quasar.svg	quasar	1	0	0	1	
fi	U+E905	Ó§Ö	R	R.svg	r	1	0	0	1	
fi	U+EB49	Ó≠â	R database	RData.svg	rdata	1	0	0	1	
fi	U+E9B1	Ó¶±	Racket	Racket.svg	racket	1	0	0	1	
fi	U+E913	Ó§ì	RAML	RAML.svg	raml	1	0	0	1	
fi	U+EA24	Ó®§	Rascal	Rascal.svg	rascal	1	0	0	1	
fi	U+0052	R	Razzle	Razzle.svg	razzle	1	0	0	1	
fi	U+E9B0	Ó¶∞	RDoc	RDoc.svg	rdoc	1	0	0	1	
fi	U+EAF7	Ó´∑	ReactOS	ReactOS.svg	reactos	1	0	0	1	
fi	U+2398	‚éò	Read the Docs	ReadTheDocs.svg	readthedocs	1	0	0	1	
fi	U+E9AF	Ó¶Ø	REALbasic	REALbasic.svg	xojo	1	0	0	1	
fi	U+EA1D	Ó®ù	Reason	Reason.svg	reason	1	0	0	1	
fi	U+EB44	Ó≠Ñ	Reason Studios	ReasonStudios.svg	reasonstudios	1	0	0	1	
fi	U+EB45	Ó≠Ö	Reason Studios, Alt	ReasonStudios-Alt.svg	reasonstudios-alt	1	0	0	1	
fi	U+E9AE	Ó¶Æ	Rebol	Rebol.svg	rebol	1	0	0	1	
fi	U+EAEC	Ó´¨	Red	Red.svg	red	1	0	0	1	
fi	U+E9AD	Ó¶≠	Red, Old	Red-Old.svg	red-old	1	0	0	1	
fi	U+EA30	Ó®∞	Redux	Redux.svg	redux	1	0	0	1	
fi	U+EAA0	Ó™†	Reek	Reek.svg	reek	1	0	0	1	
fi	U+002A	*	RegEx	RegEx.svg	regex	1	0	0	1	
fi	U+EB1D	Ó¨ù	Remark	Remark.svg	remark	1	0	0	1	
fi	U+EB2D	Ó¨≠	Renovate	Renovate.svg	renovate	1	0	0	1	
fi	U+EBA7	ÓÆß	ReScript	ReScript.svg	rescript	1	0	0	1	
fi	U+EBB0	ÓÆ∞	restQL	restQL.svg	restql	1	0	0	1	
fi	U+E9CC	Óßå	reStructuredText	reStructuredText.svg	rst	1	0	0	1	
fi	U+EA16	Ó®ñ	Rexx	Rexx.svg	rexx	1	0	0	1	
fi	U+EA4A	Ó©ä	Rhino3D	Rhino3D.svg	rhino	1	0	0	1	
fi	U+1F48D	üíç	Ring	Ring.svg	ring	1	0	0	1	
fi	U+EB2E	Ó¨Æ	Riot	Riot.svg	riot	1	0	0	1	
fi	U+E919	Ó§ô	Riot, Old	Riot-Old.svg	riot-old	1	0	0	1	
fi	U+EB5D	Ó≠ù	RISC-V	RISC-V.svg	riscv	1	0	0	1	
fi	U+211B	‚Ñõ	Rmarkdown	Rmarkdown.svg	rmarkdown	1	0	0	1	
fi	U+EB0D	Ó¨ç	Robot	RobotFramework.svg	robot	1	0	0	1	
fi	U+E9AC	Ó¶¨	Robot, Old	RobotFramework-Old.svg	robot-old	1	0	0	1	
fi	U+1F916	ü§ñ	Robots	Robots.svg	robots	1	0	0	1	
fi	U+EA20	Ó®†	Rollup	Rollup.svg	rollup	1	0	0	1	
fi	U+E9FD	ÓßΩ	Rollup, Old	Rollup-Old.svg	rollup-old	1	0	0	1	
fi	U+EA31	Ó®±	RSpec	RSpec.svg	rspec	1	0	0	1	
fi	U+24C7	‚ìá	RStudio	RStudio.svg	rstudio	1	0	0	1	
fi	U+EB9E	ÓÆû	rsync	rsync.svg	rsync	1	0	0	1	
fi	U+EADE	Ó´û	Rubocop	Rubocop.svg	rubocop	1	0	0	1	
fi	U+1F48E	üíé	RubyGems	RubyGems.svg	rubygems	1	0	0	1	
fi	U+203C	‚Äº	SAC	SAC.svg	sac	1	0	0	1	
fi	U+E9AB	Ó¶´	Sage	Sage.svg	sage	1	0	0	1	
fi	U+EB87	ÓÆá	Sails	Sails.svg	sails	1	0	0	1	
fi	U+E915	Ó§ï	SaltStack	SaltStack.svg	saltstack	1	0	0	1	
fi	U+EAE6	Ó´¶	San	San.svg	san	1	0	0	1	
fi	U+EBB1	ÓÆ±	Sandbox	Sandbox.svg	sandbox	1	0	0	1	
fi	U+E95A	Ó•ö	SAS	SAS.svg	sas	1	0	0	1	
fi	U+E9D2	Óßí	SBT	SBT.svg	sbt	1	0	0	1	
fi	U+03BB	Œª	Scheme	Scheme.svg	scheme	1	0	0	1	
fi	U+E9A9	Ó¶©	Scilab	Scilab.svg	scilab	1	0	0	1	
fi	U+EAE2	Ó´¢	Scilla	Scilla.svg	scilla	1	0	0	1	
fi	U+00A7	¬ß	Scratch	Scratch.svg	scratch	1	0	0	1	
fi	U+E9D4	Óßî	Scrutinizer	Scrutinizer.svg	scrutinizer	1	0	0	1	
fi	U+E9A8	Ó¶®	Self	Self.svg	self	1	0	0	1	
fi	U+1F7CD	üüç	Semantic Release	SemanticRelease.svg	semrelease	1	0	0	1	
fi	U+EB1C	Ó¨ú	Sentry	Sentry.svg	sentry	1	0	0	1	
fi	U+EA2F	Ó®Ø	Sequelize	Sequelize.svg	sequelize	1	0	0	1	
fi	U+EAB8	Ó™∏	Serverless	Serverless.svg	serverless	1	0	0	1	
fi	U+E9DB	Óßõ	Service Fabric	Service-Fabric.svg	sf	1	0	0	1	
fi	U+EB88	ÓÆà	Shadow CLJS	ShadowCLJS.svg	shadowcljs	1	0	0	1	
fi	U+E9A7	Ó¶ß	Shen	Shen.svg	shen	1	0	0	1	
fi	U+26F5	‚õµ	Shipit	Shipit.svg	shipit	1	0	0	1	
fi	U+EA2D	Ó®≠	Shippable	Shippable.svg	shippable	1	0	0	1	
fi	U+E9CF	Óßè	Shopify	Shopify.svg	shopify	1	0	0	1	
fi	U+272B	‚ú´	Shuriken	Shuriken.svg	shuriken	1	0	0	1	
fi	U+1F764	üù§	Sigils	Sigils.svg	sigils	1	0	0	1	
fi	U+2318	‚åò	SiliconGraphics	SiliconGraphics.svg	sgi	1	0	0	1	
fi	U+E800	Ó†Ä	SilverStripe	SilverStripe.svg	silverstripe	1	0	0	1	
fi	U+EA03	Ó®É	Sinatra	Sinatra.svg	sinatra	1	0	0	1	
fi	U+E927	Ó§ß	Sketch	Sketch.svg	sketch	1	0	0	1	
fi	U+EA7C	Ó©º	SketchUp LayOut	SketchUp-LayOut.svg	sketchup-lo	1	0	0	1	
fi	U+EA7E	Ó©æ	SketchUp Make	SketchUp-Make.svg	sketchup-mk	1	0	0	1	
fi	U+EA7D	Ó©Ω	SketchUp Style Builder	SketchUp-StyleBuilder.svg	sketchup-sb	1	0	0	1	
fi	U+E9A6	Ó¶¶	Slash	Slash.svg	slash	1	0	0	1	
fi	U+EAFC	Ó´º	SmartOS	SmartOS.svg	smartos	1	0	0	1	
fi	U+EAFB	Ó´ª	SmartOS, Alt	SmartOS-Alt.svg	smartos-alt	1	0	0	1	
fi	U+EB09	Ó¨â	Snapcraft	Snapcraft.svg	snapcraft	1	0	0	1	
fi	U+1F43D	üêΩ	Snort	Snort.svg	snort	1	0	0	1	
fi	U+1F3D4	üèî	Snowpack	Snowpack.svg	snowpack	1	0	0	1	
fi	U+EA1C	Ó®ú	Snyk	Snyk.svg	snyk	1	0	0	1	
fi	U+1D5E6	ùó¶	Solidarity	Solidarity.svg	solidarity	1	0	0	1	
fi	U+EA86	Ó™Ü	Solidity	Solidity.svg	solidity	1	0	0	1	
fi	U+EB72	Ó≠≤	Sophia	Sophia.svg	sophia	1	0	0	1	
fi	U+1F366	üç¶	Sorbet	Sorbet.svg	sorbet	1	0	0	1	
fi	U+EB82	ÓÆÇ	Source	Source.svg	source	1	0	0	1	
fi	U+EAA4	Ó™§	Spacemacs	Spacemacs.svg	spacemacs	1	0	0	1	
fi	U+29CF	‚ßè	Spacengine	Spacengine.svg	spacengine	1	0	0	1	
fi	U+EB57	Ó≠ó	SPARC	SPARC.svg	sparc	1	0	0	1	
fi	U+EA02	Ó®Ç	Spray	Spray.svg	spray	1	0	0	1	
fi	U+E9A5	Ó¶•	SQF	SQF.svg	sqf	1	0	0	1	
fi	U+E9DD	Óßù	SQLite	SQLite.svg	sqlite	1	0	0	1	
fi	U+EA5E	Ó©û	Squarespace	SquareSpace.svg	squarespace	1	0	0	1	
fi	U+E9A4	Ó¶§	Stan	Stan.svg	stan	1	0	0	1	
fi	U+E9A3	Ó¶£	Stata	Stata.svg	stata	1	0	0	1	
fi	U+EB70	Ó≠∞	StdlibJS	StdlibJS.svg	stdlibjs	1	0	0	1	
fi	U+EA95	Ó™ï	Stencil	Stencil.svg	stencil	1	0	0	1	
fi	U+EBA0	ÓÆ†	Stitches	Stitches.svg	stitches	1	0	0	1	
fi	U+EADF	Ó´ü	Storybook	Storybook.svg	storybook	1	0	0	1	
fi	U+E9EF	ÓßØ	Storyist	Storyist.svg	storyist	1	0	0	1	
fi	U+E9E0	Óß†	Strings	Strings.svg	strings	1	0	0	1	
fi	U+EAE0	Ó´†	Stylable	Stylable.svg	stylable	1	0	0	1	
fi	U+1F485	üíÖ	StyledComponents	StyledComponents.svg	nailpolish	1	0	0	1	
fi	U+E93D	Ó§Ω	Stylelint	Stylelint.svg	stylelint	1	0	0	1	
fi	U+EB3D	Ó¨Ω	Stylish Haskell	StylishHaskell.svg	stylishhaskell	1	0	0	1	
fi	U+0073	s	Stylus	Stylus-S.svg	stylus	1	0	0	1	
fi	U+E9F7	Óß∑	Stylus, Full	Stylus.svg	stylus-full	1	0	0	1	
fi	U+0053	S	Stylus, Orb	Stylus-Orb.svg	stylus-orb	1	0	0	1	
fi	U+E986	Ó¶Ü	Sublime	Sublime.svg	sublime	1	0	0	1	
fi	U+E9A2	Ó¶¢	SuperCollider	SuperCollider.svg	scd	1	0	0	1	
fi	U+33DC	„èú	Svelte	Svelte.svg	svelte	1	0	0	1	
fi	U+EA17	Ó®ó	SVN	SVN.svg	svn	1	0	0	1	
fi	U+EA29	Ó®©	Swagger	Swagger.svg	swagger	1	0	0	1	
fi	U+E9C3	ÓßÉ	SystemVerilog	SystemVerilog.svg	sysverilog	1	0	0	1	
fi	U+F015	ÔÄï	Tag	Tag.svg	tag	1	0	0	1	
fi	U+301C	„Äú	Tailwind	Tailwind.svg	tailwind	1	0	0	1	
fi	U+E956	Ó•ñ	Tcl	Tcl.svg	tcl	1	0	0	1	
fi	U+2708	‚úà	Telegram	Telegram.svg	telegram	1	0	0	1	
fi	U+0054	T	Template Toolkit	TemplateToolkit.svg	tt	1	0	0	1	
fi	U+2696	‚öñ	TempleOS	TempleOS.svg	templeos	1	0	0	1	
fi	U+F0C8	ÔÉà	Terminal	Terminal.svg	terminal	1	0	0	1	
fi	U+1F54A	üïä	Tern	Tern.svg	tern	1	0	0	1	
fi	U+E916	Ó§ñ	Terraform	Terraform.svg	terraform	1	0	0	1	
fi	U+272C	‚ú¨	Terser	Terser.svg	terser	1	0	0	1	
fi	U+2714	‚úî	TestCafe	TestCafe.svg	testcafe	1	0	0	1	
fi	U+EA62	Ó©¢	Test, CoffeeScript	Test-CoffeeScript.svg	test-coffee	1	0	0	1	
fi	U+EA60	Ó©†	Test, Directory	Test-Directory.svg	test-dir	1	0	0	1	
fi	U+EA63	Ó©£	Test, Generic	Test-Generic.svg	test-generic	1	0	0	1	
fi	U+EB0F	Ó¨è	Test, Go	Test-Go.svg	test-go	1	0	0	1	
fi	U+EB10	Ó¨ê	Test, Haskell	Test-Haskell.svg	test-hs	1	0	0	1	
fi	U+EA64	Ó©§	Test, JS	Test-JS.svg	test-js	1	0	0	1	
fi	U+EA65	Ó©•	Test, Perl	Test-Perl.svg	test-perl	1	0	0	1	
fi	U+EA66	Ó©¶	Test, Python	Test-Python.svg	test-python	1	0	0	1	
fi	U+EA67	Ó©ß	Test, React	Test-React.svg	test-react	1	0	0	1	
fi	U+EA68	Ó©®	Test, Ruby	Test-Ruby.svg	test-ruby	1	0	0	1	
fi	U+EB11	Ó¨ë	Test, Rust	Test-Rust.svg	test-rust	1	0	0	1	
fi	U+EA69	Ó©©	Test, TypeScript	Test-TypeScript.svg	test-ts	1	0	0	1	
fi	U+E600	ÓòÄ	Tex	LaTeX.svg	tex	1	0	0	1	
fi	U+0074	t	Textile	Textile.svg	textile	1	0	0	1	
fi	U+2122	‚Ñ¢	TextMate	TextMate.svg	textmate	1	0	0	1	
fi	U+EAE1	Ó´°	TFS	TFS.svg	tfs	1	0	0	1	
fi	U+E9D8	Óßò	Thor	Thor.svg	thor	1	0	0	1	
fi	U+EB8A	ÓÆä	Tilt	Tilt.svg	tilt	1	0	0	1	
fi	U+EA01	Ó®Å	TinyMCE	TinyMCE.svg	tinymce	1	0	0	1	
fi	U+EAA9	Ó™©	Tipe	Tipe.svg	tipe	1	0	0	1	
fi	U+EAB2	Ó™≤	TLA+	TLA+.svg	tla	1	0	0	1	
fi	U+EA8C	Ó™å	tmux	tmux.svg	tmux	1	0	0	1	
fi	U+1F143	üÖÉ	TOML	TOML.svg	toml	1	0	0	1	
fi	U+EA93	Ó™ì	TortoiseSVN	TortoiseSVN.svg	tortoise	1	0	0	1	
fi	U+EB34	Ó¨¥	TOTVS	TOTVS.svg	totvs	1	0	0	1	
fi	U+EB3B	Ó¨ª	Truffle	Truffle.svg	truffle	1	0	0	1	
fi	U+E9E7	Óßß	TSX	TSX.svg	tsx	1	0	0	1	
fi	U+E9D1	Óßë	TSX, Alt	TSX-Alt.svg	tsx-alt	1	0	0	1	
fi	U+2476	‚ë∂	TTCN-3	TTCN-3.svg	ttcn3	1	0	0	1	
fi	U+E9B6	Ó¶∂	Turing	Turing.svg	turing	1	0	0	1	
fi	U+2E19	‚∏ô	Twig	Twig.svg	twig	1	0	0	1	
fi	U+EA5D	Ó©ù	Twine	Twine.svg	twine	1	0	0	1	
fi	U+E9C1	ÓßÅ	TXL	TXL.svg	txl	1	0	0	1	
fi	U+E9FE	Óßæ	TypeDoc	TypeDoc.svg	typedoc	1	0	0	1	
fi	U+02A6	 ¶	TypeScript	TypeScript.svg	ts	1	0	0	1	
fi	U+E912	Ó§í	TypeScript, Alt	TypeScript-Alt.svg	ts-alt	1	0	0	1	
fi	U+E9DF	Óßü	Typings	Typings.svg	typings	1	0	0	1	
fi	U+1F144	üÖÑ	UFO	UFO.svg	ufo	1	0	0	1	
fi	U+EAC4	Ó´Ñ	Unibeautify	Unibeautify.svg	unibeautify	1	0	0	1	
fi	U+EB6E	Ó≠Æ	Unicode	Unicode.svg	unicode	1	0	0	1	
fi	U+E9B3	Ó¶≥	UNO	UNO.svg	uno	1	0	0	1	
fi	U+0075	u	UnrealScript	UnrealScript.svg	unreal	1	0	0	1	
fi	U+E9BA	Ó¶∫	UrWeb	UrWeb.svg	urweb	1	0	0	1	
fi	U+0076	v	V	V.svg	v	1	0	0	1	
fi	U+EA1F	Ó®ü	V8	V8.svg	v8	1	0	0	1	
fi	U+EAAC	Ó™¨	V8, Turbofan	V8-Turbofan.svg	v8-turbofan	1	0	0	1	
fi	U+0056	V	Vagrant	Vagrant.svg	vagrant	1	0	0	1	
fi	U+1D4B1	ùí±	Vala	Vala.svg	vala	1	0	0	1	
fi	U+EB5C	Ó≠ú	VAX	VAX.svg	vax	1	0	0	1	
fi	U+E9B4	Ó¶¥	VCL	VCL.svg	varnish	1	0	0	1	
fi	U+2B94	‚Æî	Velocity	Velocity.svg	velocity	1	0	0	1	
fi	U+E949	Ó•â	Verilog	Verilog.svg	verilog	1	0	0	1	
fi	U+EA79	Ó©π	VertexShader	VertexShader.svg	vertex	1	0	0	1	
fi	U+E9AA	Ó¶™	VHDL	VHDL.svg	vhdl	1	0	0	1	
fi	U+F057	ÔÅó	Video	Video.svg	video	1	0	0	1	
fi	U+EA3E	Ó®æ	VirtualBox	VirtualBox.svg	virtualbox	1	0	0	1	
fi	U+EA2E	Ó®Æ	VirtualBox, Alt	VirtualBox-Alt.svg	virtualbox-alt	1	0	0	1	
fi	U+2607	‚òá	Vite	Vite.svg	vite-icon	1	0	0	1	
fi	U+EA49	Ó©â	VMware	VMware.svg	vmware	1	0	0	1	
fi	U+24CB	‚ìã	V-Ray	V-Ray.svg	vray	1	0	0	1	
fi	U+EB22	Ó¨¢	VSCode	VSCode.svg	vscode	1	0	0	1	
fi	U+EAC0	Ó´Ä	VSTS	VSTS.svg	vsts	1	0	0	1	
fi	U+E906	Ó§Ü	Vue	Vue.svg	vue	1	0	0	1	
fi	U+EB31	Ó¨±	Vyper	Vyper.svg	vyper	1	0	0	1	
fi	U+EBAC	ÓÆ¨	W3C	W3C.svg	w3c	1	0	0	1	
fi	U+231F	‚åü	Wallaby	Wallaby.svg	wallaby	1	0	0	1	
fi	U+EABA	Ó™∫	Walt	Walt.svg	walt	1	0	0	1	
fi	U+2162	‚Ö¢	Warcraft III	Warcraft-III.svg	warcraft3	1	0	0	1	
fi	U+EB40	Ó≠Ä	WASI	WASI.svg	wasi	1	0	0	1	
fi	U+EA4F	Ó©è	Watchman	Watchman.svg	watchman	1	0	0	1	
fi	U+EAB1	Ó™±	WDL	WDL.svg	wdl	1	0	0	1	
fi	U+EA70	Ó©∞	WebAssembly	WebAssembly.svg	wasm	1	0	0	1	
fi	U+EA7B	Ó©ª	WebGL	WebGL.svg	webgl	1	0	0	1	
fi	U+EB35	Ó¨µ	Webhint	Webhint.svg	webhint	1	0	0	1	
fi	U+EA61	Ó©°	Webpack	Webpack.svg	webpack	1	0	0	1	
fi	U+E91E	Ó§û	Webpack, Old	Webpack-Old.svg	webpack-old	1	0	0	1	
fi	U+EB24	Ó¨§	WebVTT	WebVTT.svg	webvtt	1	0	0	1	
fi	U+8A00	Ë®Ä	Wenyan	Wenyan.svg	wenyan	1	0	0	1	
fi	U+EA19	Ó®ô	Wercker	Wercker.svg	wercker	1	0	0	1	
fi	U+EB38	Ó¨∏	Wget	Wget.svg	wget	1	0	0	1	
fi	U+EBB7	ÓÆ∑	WinUI	WinUI.svg	winui	1	0	0	1	
fi	U+1F377	üç∑	Wine	Wine.svg	wine	1	0	0	1	
fi	U+EAB0	Ó™∞	WiX	WiX.svg	wix	1	0	0	1	
fi	U+1F43A	üê∫	Wolfram	Wolfram.svg	wolfram	1	0	0	1	
fi	U+EAA8	Ó™®	Workbox	Workbox.svg	workbox	1	0	0	1	
fi	U+1F32D	üå≠	Wurst	Wurst.svg	wurst	1	0	0	1	
fi	U+2169	‚Ö©	X10	X10.svg	x10	1	0	0	1	
fi	U+EA77	Ó©∑	Xamarin	Xamarin.svg	xamarin	1	0	0	1	
fi	U+EB94	ÓÆî	xmake	xmake.svg	xmake	1	0	0	1	
fi	U+0058	X	XMOS	XMOS.svg	xmos	1	0	0	1	
fi	U+E9C5	ÓßÖ	XPages	XPages.svg	xpages	1	0	0	1	
fi	U+E9C6	ÓßÜ	Xtend	Xtend.svg	xtend	1	0	0	1	
fi	U+EB04	Ó¨Ñ	Xubuntu	Xubuntu.svg	xubuntu	1	0	0	1	
fi	U+0079	y	YAML	YAML.svg	yaml	1	0	0	1	
fi	U+0059	Y	YAML, Alt 1	YAML-Alt1.svg	yaml-alt1	1	0	0	1	
fi	U+EA9E	Ó™û	YAML, Alt 2	YAML-Alt2.svg	yaml-alt2	1	0	0	1	
fi	U+EA9D	Ó™ù	YAML, Alt 3	YAML-Alt3.svg	yaml-alt3	1	0	0	1	
fi	U+EA9C	Ó™ú	YAML, Alt 4	YAML-Alt4.svg	yaml-alt4	1	0	0	1	
fi	U+EB9D	ÓÆù	YAMLLint	YAMLLint.svg	yamllint	1	0	0	1	
fi	U+042F	–Ø	Yandex	Yandex.svg	yandex	1	0	0	1	
fi	U+262F	‚òØ	YANG	YANG.svg	yang	1	0	0	1	
fi	U+EA9F	Ó™ü	YARA	YARA.svg	yara	1	0	0	1	
fi	U+EA1A	Ó®ö	Yarn	Yarn.svg	yarn	1	0	0	1	
fi	U+EA73	Ó©≥	Yasm	Yasm.svg	yasm	1	0	0	1	
fi	U+1F480	üíÄ	Yorick	Yorick.svg	yorick	1	0	0	1	
fi	U+EA00	Ó®Ä	YUI	YUI.svg	yui	1	0	0	1	
fi	U+E9F2	Óß≤	ZBrush	ZBrush.svg	zbrush	1	0	0	1	
fi	U+25B2	‚ñ≤	Zeit	Zeit.svg	zeit	1	0	0	1	
fi	U+E9C7	Óßá	Zephir	Zephir.svg	zephir	1	0	0	1	
fi	U+007A	z	Zig	Zig.svg	zig	1	0	0	1	
fi	U+EB56	Ó≠ñ	Zilog	Zilog.svg	zilog	1	0	0	1	
fi	U+E9C8	Óßà	Zimpl	Zimpl.svg	zimpl	1	0	0	1	
fi	U+01B6	∆∂	Zork	Zork.svg	zork	1	0	0	1	
fi	U+EB01	Ó¨Å	ZorinOS	ZorinOS.svg	zorinos	1	0	0	1	
